-- MySQL dump 10.13  Distrib 5.7.25, for Linux (x86_64)
--
-- Host: localhost    Database: jugyou
-- ------------------------------------------------------
-- Server version	5.7.25-0ubuntu0.18.04.2

/*!40101 SET @OLD_CHARACTER_SET_CLIENT=@@CHARACTER_SET_CLIENT */;
/*!40101 SET @OLD_CHARACTER_SET_RESULTS=@@CHARACTER_SET_RESULTS */;
/*!40101 SET @OLD_COLLATION_CONNECTION=@@COLLATION_CONNECTION */;
/*!40101 SET NAMES utf8 */;
/*!40103 SET @OLD_TIME_ZONE=@@TIME_ZONE */;
/*!40103 SET TIME_ZONE='+00:00' */;
/*!40014 SET @OLD_UNIQUE_CHECKS=@@UNIQUE_CHECKS, UNIQUE_CHECKS=0 */;
/*!40014 SET @OLD_FOREIGN_KEY_CHECKS=@@FOREIGN_KEY_CHECKS, FOREIGN_KEY_CHECKS=0 */;
/*!40101 SET @OLD_SQL_MODE=@@SQL_MODE, SQL_MODE='NO_AUTO_VALUE_ON_ZERO' */;
/*!40111 SET @OLD_SQL_NOTES=@@SQL_NOTES, SQL_NOTES=0 */;

--
-- Current Database: `jugyou`
--

CREATE DATABASE /*!32312 IF NOT EXISTS*/ `jugyou` /*!40100 DEFAULT CHARACTER SET utf8 */;

USE `jugyou`;

--
-- Table structure for table `bp_aed`
--

DROP TABLE IF EXISTS `bp_aed`;
/*!40101 SET @saved_cs_client     = @@character_set_client */;
/*!40101 SET character_set_client = utf8 */;
CREATE TABLE `bp_aed` (
  `area` varchar(2) DEFAULT NULL,
  `name` varchar(25) DEFAULT NULL,
  `pos` varchar(25) DEFAULT NULL,
  `lat` double DEFAULT NULL,
  `lng` double DEFAULT NULL
) ENGINE=InnoDB DEFAULT CHARSET=utf8;
/*!40101 SET character_set_client = @saved_cs_client */;

--
-- Dumping data for table `bp_aed`
--

LOCK TABLES `bp_aed` WRITE;
/*!40000 ALTER TABLE `bp_aed` DISABLE KEYS */;
INSERT INTO `bp_aed` VALUES ('富海','富海公民館','玄関ロビー',34.052182,131.643679),('富海','富海小学校','１階保健室前廊下',34.051858,131.646742),('富海','富海中学校','本館１階廊下事務室前',34.052287,131.647409),('富海','富海保育所','玄関',34.050982,131.648092),('牟礼','牟礼公民館','玄関フロア',34.054502,131.605394),('牟礼','牟礼小学校','職員室前廊下',34.056677,131.605772),('牟礼','牟礼南小学校','事務室窓口横',34.052827,131.605939),('牟礼','牟礼中学校','正面玄関、職員室間廊下',34.065739,131.599003),('牟礼','国府中学校','１階保健室前廊下',34.054403,131.591864),('牟礼','大平園','玄関',34.059477,131.615476),('牟礼','愛光園','管理棟玄関',34.059405,131.615024),('牟礼','なかよし園','玄関',34.059172,131.614173),('牟礼','大平山ロープウェイ（山ろく駅）','待合室',34.066467,131.623179),('牟礼','大平山ロープウェイ（山頂駅）','待合室',34.071733,131.630262),('牟礼','牟礼福祉センター','１階フロア',34.042868,131.612652),('牟礼','消防署東出張所','１階事務所',34.053985,131.605329),('牟礼','江泊保育所','玄関',34.044432,131.611955),('牟礼','東牟礼保育園','事務所',34.065549,131.612179),('牟礼','牟礼保育園','事務所',34.053691,131.603272),('牟礼','瑞祥幼稚園','玄関',34.061154,131.597306),('松崎','松崎公民館','玄関ロビー',34.059228,131.571534),('松崎','松崎小学校','管理棟１階保健室前廊下',34.059645,131.575992),('松崎','文化福祉会館','１階西側ロビー',34.055901,131.576393),('松崎','公会堂','中２階事務室前',34.055046,131.576208),('松崎','防府競輪場','サービスセンター１階（競輪場正門付近）',34.067057,131.578641),('松崎','アスピラート（地域交流センター）','１階西側事務所横',34.053702,131.571201),('松崎','地域協働支援センター（ルルサス防府２階）','事務所前',34.053702,131.571201),('松崎','防府図書館（ルルサス防府３階）','中央カウンター前',34.053535,131.571453),('松崎','天神ピア（まちづくり活動拠点施設）','１階フロア受付',34.054332,131.573634),('松崎','観光情報館コア銀座','１階フロア',34.055473,131.573612),('松崎','サイクリングターミナル','玄関ロビー',34.076393,131.578477),('松崎','うめてらす','休憩コーナー北側',34.061683,131.573759),('松崎','みどり保育園','玄関',34.055021,131.576981),('松崎','山頭火ふるさと館','自動販売機設置場所',34.061136,131.572636),('松崎','松崎幼稚園','玄関ロビー',34.057556,131.574984),('佐波','佐波公民館','１階学習室入口廊下',34.056583,131.562645),('佐波','佐波小学校','職員室前廊下',34.058759,131.565862),('佐波','佐波中学校','１階職員室',34.066028,131.569347),('佐波','市役所１号館','正面玄関ロビー',34.051795,131.56284),('佐波','市役所４号館','正面玄関ロビー',34.050926,131.562749),('佐波','消防本部','消防署待機室',34.05701,131.563205),('佐波','サンライフ防府（中高年齢労働者福祉センター）','１階ロビー',34.059002,131.567671),('佐波','駅西自転車等駐車場','管理人室',34.053519,131.566967),('佐波','宮市福祉センター','１階フロア',34.066211,131.566295),('佐波','宮市保育所','園児玄関',34.066349,131.567106),('佐波','西佐波保育園','事務所１階',34.055365,131.557104),('佐波','佐波幼稚園','中央玄関口',34.058378,131.563676),('勝間','勝間公民館','玄関ロビー',34.049233,131.579186),('勝間','勝間小学校','南校舎１階保健室前廊下',34.051216,131.582022),('勝間','潮彩市場（水産総合交流施設）','１階エントランス',34.037863,131.597218),('勝間','勝間保育園','正面玄関',34.047547,131.574831),('勝間','双葉保育園','１階エントランス',34.051211,131.584184),('勝間','双葉幼稚園','１階職員室前廊下',34.046591,131.578131),('華浦','華浦公民館','玄関ロビー',34.046619,131.572109),('華浦','華浦小学校','管理棟１階保健室前廊下',34.041109,131.568853),('華浦','桑山中学校','１棟１階中央玄関奥',34.046169,131.561407),('華浦','ソラール（青少年科学館）','１階自動販売機前',34.04941,131.561632),('華浦','文化財郷土資料館','２階エレベーター横',34.049045,131.562582),('華浦','英雲荘','１階事務室',34.045333,131.573748),('華浦','保健センター','休日診療所渡り廊下',34.039117,131.566415),('華浦','身体障害者福祉センター','玄関ロビー',34.038623,131.566648),('華浦','三田尻保育所','玄関入口下駄箱の上',34.045386,131.569603),('野島','野島漁村センター','野島分団消防器庫１階',33.942783,131.692929),('野島','野島小・中学校','本館１階玄関奥',33.943777,131.696033),('新田','新田公民館','玄関',34.024927,131.568554),('新田','新田小学校','管理棟１階保健室前廊下',34.032271,131.571176),('新田','ソルトアリーナ防府（体育館１階）','１階共用部通路',34.023141,131.569437),('新田','ソルトアリーナ防府（体育館２階）','２階ロビー',34.023141,131.569437),('新田','陸上競技場','１階エントランスホール',34.020496,131.570913),('新田','武道館','エントランスホール',34.022946,131.568332),('新田','防府スポーツセンター野球場','野球場正面入口横',34.025291,131.567858),('新田','防府スポーツセンタープール','プール事務室（閉場時は野球場資料室）',34.023853,131.567608),('新田','クリーンセンター','管理棟１階玄関',34.033901,131.58102),('新田','新田保育園','事務室',34.031454,131.566171),('新田','西須賀保育所','玄関',34.027078,131.568424),('向島','向島公民館','玄関',34.019164,131.580609),('向島','向島小学校','１階職員室前廊下',34.018212,131.579241),('向島','向島運動公園','管理棟窓口横',34.008202,131.568115),('向島','向島保育園','１階玄関',34.017331,131.576806),('中関','中関公民館','玄関',34.021133,131.547823),('中関','中関小学校','北校舎１階事務室前',34.018256,131.54853),('中関','華陽中学校','１階保健室前廊下',34.026125,131.560167),('中関','三田尻塩田記念産業公園','管理棟１階ロビー',34.017717,131.559646),('中関','職業訓練センター','１階ロビー',34.024272,131.555886),('中関','華陽保育園','職員室',34.024983,131.56096),('中関','錦江保育園','本館玄関',34.024062,131.551768),('中関','錦江第二保育園','玄関',34.01375,131.534646),('中関','中関幼稚園','別館１階ホール',34.018761,131.550806),('西浦','西浦公民館','１階ロビー',34.024895,131.523999),('西浦','西浦小学校','職員室前',34.023151,131.520894),('西浦','華西中学校','事務室前廊下',34.030878,131.531149),('西浦','消防署南出張所','１階事務所',34.031207,131.534818),('西浦','西浦保育園','正面玄関',34.022474,131.523716),('西浦','西浦幼稚園','玄関',34.022101,131.521108),('華城','華城公民館','１階ロビー',34.048963,131.54493),('華城','華城小学校','本館玄関',34.046624,131.544597),('華城','上下水道局','ロビー',34.050645,131.554739),('華城','青果物地方卸売市場','１階卸売場・防府青果㈱事務所前',34.042652,131.532629),('華城','華城保育園','玄関',34.046591,131.549794),('華城','華城幼稚園','玄関',34.046474,131.5454),('小野','小野公民館','玄関',34.126447,131.605636),('小野','小野小学校','保健室前廊下',34.12206,131.602898),('小野','小野中学校','１階東側相談室前',34.129662,131.605477),('小野','小野保育園','玄関',34.121753,131.59987),('右田','右田公民館','１階ロビー',34.068929,131.553618),('右田','右田小学校','保健室前',34.077508,131.561827),('右田','玉祖小学校','本館校舎玄関',34.057098,131.530146),('右田','右田中学校','職員室（外出入口付近）',34.070402,131.55589),('右田','右田福祉センター','１階自動ドア側',34.070913,131.564909),('右田','玉祖福祉センター','玄関',34.055956,131.524843),('右田','悠久苑(斎場）','1階ロビー',34.09291,131.541021),('右田','右田保育園','エントランスホール（１階入口）',34.072196,131.556951),('右田','玉祖保育園','玄関ホール',34.055634,131.525463),('右田','多々良幼稚園','園児玄関',34.062336,131.538692),('大道','大道公民館','玄関',34.059895,131.488765),('大道','大道小学校','放送室前廊下',34.059528,131.489205),('大道','大道中学校','正面玄関',34.067233,131.489643),('大道','妙蓮寺保育園','職員室前',34.050153,131.477167),('大道','山口短期大学附属幼稚園','玄関入口',34.053675,131.493088);
/*!40000 ALTER TABLE `bp_aed` ENABLE KEYS */;
UNLOCK TABLES;

--
-- Table structure for table `bp_h25`
--

DROP TABLE IF EXISTS `bp_h25`;
/*!40101 SET @saved_cs_client     = @@character_set_client */;
/*!40101 SET character_set_client = utf8 */;
CREATE TABLE `bp_h25` (
  `name` varchar(20) DEFAULT NULL,
  `outside` int(6) DEFAULT NULL,
  `inside` int(7) DEFAULT NULL,
  `oai` int(7) DEFAULT NULL
) ENGINE=InnoDB DEFAULT CHARSET=utf8;
/*!40101 SET character_set_client = @saved_cs_client */;

--
-- Dumping data for table `bp_h25`
--

LOCK TABLES `bp_h25` WRITE;
/*!40000 ALTER TABLE `bp_h25` DISABLE KEYS */;
INSERT INTO `bp_h25` VALUES ('防府天満宮',416000,322292,738292),('毛利氏庭園・毛利博物館',41295,21086,62381),('周防国分寺',24110,16890,41000),('大平山ロープウェイ',5783,16825,22608),('東大寺別院阿弥陀寺',12900,39150,52050),('海水浴場',3100,28600,31700),('みかん狩り',200,5441,5641),('三田尻塩田記念産業公園',756,3144,3900),('まちの駅　うめてらす',163281,346977,510258),('月の桂の庭',93,321,414),('潮彩市場防府',35843,322645,358488),('防府市文化財郷土資料館',89,468,557),('英雲荘',1191,1923,3114),('タカガワ新山口カンツリー倶楽部',7882,11822,19704),('愛情防府フリーマーケット',1560,128440,130000),('じばさんフェア',0,55000,55000),('壺まつり',100,12000,12100),('防府航空祭',0,12000,12000),('マツダ防府工場見学',924,6661,7585),('防府まつり総おどり大会',0,80000,80000),('ほたるのゆうべ',0,4000,4000),('防府読売マラソン',3418,616,4034),('防府市青少年科学館',0,73357,73357),('日帰り延べ人数',660325,1499388,2159713),('宿泊延べ人数',58200,10270,68470),('延べ人数合計',718525,1509658,2228183),('日帰り観光客の実人数',573167,1197749,1770916),('宿泊観光客の実人数',54173,9504,63677),('観光客の実人数合計',627340,1207253,1834593);
/*!40000 ALTER TABLE `bp_h25` ENABLE KEYS */;
UNLOCK TABLES;

--
-- Table structure for table `bp_h26`
--

DROP TABLE IF EXISTS `bp_h26`;
/*!40101 SET @saved_cs_client     = @@character_set_client */;
/*!40101 SET character_set_client = utf8 */;
CREATE TABLE `bp_h26` (
  `name` varchar(16) DEFAULT NULL,
  `outside` int(6) DEFAULT NULL,
  `inside` int(7) DEFAULT NULL,
  `oai` int(7) DEFAULT NULL
) ENGINE=InnoDB DEFAULT CHARSET=utf8;
/*!40101 SET character_set_client = @saved_cs_client */;

--
-- Dumping data for table `bp_h26`
--

LOCK TABLES `bp_h26` WRITE;
/*!40000 ALTER TABLE `bp_h26` DISABLE KEYS */;
INSERT INTO `bp_h26` VALUES ('防府天満宮',417000,321739,738739),('毛利氏庭園・毛利博物館',41416,24597,66013),('周防国分寺',21792,15268,37060),('大平山ロープウェイ',4336,11170,15506),('東大寺別院阿弥陀寺',12850,38950,51800),('海水浴場',2089,18811,20900),('みかん狩り',200,5669,5869),('三田尻塩田記念産業公園',716,2879,3595),('まちの駅　うめてらす',157625,334964,492589),('月の桂の庭',203,376,579),('潮彩市場防府',41901,377121,419022),('防府市文化財郷土資料館',69,986,1055),('英雲荘',2013,3504,5517),('タカガワ新山口カンツリー倶楽部',2135,15880,18015),('愛情防府フリーマーケット',280,139720,140000),('じばさんフェア',0,40000,40000),('壺まつり',100,12000,12100),('防府航空祭',0,18000,18000),('マツダ防府工場見学',1276,8781,10057),('防府まつり総おどり大会',0,78000,78000),('ほたるのゆうべ',0,4000,4000),('防府読売マラソン',2338,414,2752),('防府市青少年科学館',0,79299,79299),('日帰り延べ人数',650411,1541906,2192317),('宿泊延べ人数',57928,10222,68150),('延べ人数合計',708339,1552128,2260467),('日帰り観光客の実人数',563433,1239518,1802951),('宿泊観光客の実人数',53902,9480,63382),('観光客の実人数合計',617335,1248998,1866333);
/*!40000 ALTER TABLE `bp_h26` ENABLE KEYS */;
UNLOCK TABLES;

--
-- Table structure for table `bp_h27`
--

DROP TABLE IF EXISTS `bp_h27`;
/*!40101 SET @saved_cs_client     = @@character_set_client */;
/*!40101 SET character_set_client = utf8 */;
CREATE TABLE `bp_h27` (
  `name` varchar(22) DEFAULT NULL,
  `outside` int(6) DEFAULT NULL,
  `inside` int(7) DEFAULT NULL,
  `oai` int(7) DEFAULT NULL
) ENGINE=InnoDB DEFAULT CHARSET=utf8;
/*!40101 SET character_set_client = @saved_cs_client */;

--
-- Dumping data for table `bp_h27`
--

LOCK TABLES `bp_h27` WRITE;
/*!40000 ALTER TABLE `bp_h27` DISABLE KEYS */;
INSERT INTO `bp_h27` VALUES ('防府天満宮',451000,348278,799278),('毛利氏庭園・毛利博物館',52250,31247,83497),('周防国分寺',27496,19274,46770),('東大寺別院阿弥陀寺',12550,38950,51500),('海水浴場',2929,26371,29300),('みかん狩り',200,6203,6403),('三田尻塩田記念産業公園',858,2577,3435),('まちの駅　うめてらす',210706,366260,576966),('月の桂の庭',249,815,1064),('道の駅　潮彩市場防府',58742,528677,587419),('防府市文化財郷土資料館',230,807,1037),('英雲荘',7241,11061,18302),('タカガワ新山口カンツリー倶楽部',7250,11841,19091),('愛情防府フリーマーケット',1920,118080,120000),('じばさんフェア',0,42000,42000),('壺まつり',100,12000,12100),('防府航空祭',0,33000,33000),('マツダ防府工場見学',1294,9411,10705),('ほたるのゆうべ',0,4000,4000),('防府読売マラソン',2477,465,2942),('防府市青少年科学館',0,66669,66669),('春の幸せますフェスタ',2000,58000,60000),('ほうふ花燃ゆ大河ドラマ館「文の防府日和。」',30295,24627,54922),('夏の幸せますフェスタ',0,30000,30000),('大平山ロープウェイ',0,0,0),('日帰り延べ人数',813228,1780632,2593860),('宿泊延べ人数',56559,9981,66540),('延べ人数合計',869787,1790613,2660400),('日帰り観光客の実人数',706461,1451463,2157924),('宿泊観光客の実人数',52600,9284,61884),('観光客の実人数合計',759061,1460747,2219808);
/*!40000 ALTER TABLE `bp_h27` ENABLE KEYS */;
UNLOCK TABLES;

--
-- Table structure for table `bp_h28`
--

DROP TABLE IF EXISTS `bp_h28`;
/*!40101 SET @saved_cs_client     = @@character_set_client */;
/*!40101 SET character_set_client = utf8 */;
CREATE TABLE `bp_h28` (
  `name` varchar(22) DEFAULT NULL,
  `outside` int(6) DEFAULT NULL,
  `inside` int(7) DEFAULT NULL,
  `oai` int(7) DEFAULT NULL
) ENGINE=InnoDB DEFAULT CHARSET=utf8;
/*!40101 SET character_set_client = @saved_cs_client */;

--
-- Dumping data for table `bp_h28`
--

LOCK TABLES `bp_h28` WRITE;
/*!40000 ALTER TABLE `bp_h28` DISABLE KEYS */;
INSERT INTO `bp_h28` VALUES ('防府天満宮',481593,367481,849074),('毛利氏庭園・毛利博物館',46670,26956,73626),('周防国分寺',22310,15630,37940),('東大寺別院阿弥陀寺',12720,36680,49400),('海水浴場',3500,28700,32200),('みかん狩り',260,5903,6163),('三田尻塩田記念産業公園',449,2530,2979),('まちの駅　うめてらす',168381,346855,515236),('月の桂の庭',130,283,413),('道の駅　潮彩市場防府',58453,526138,584591),('防府市文化財郷土資料館',110,810,920),('英雲荘',1894,4272,6166),('新山口カンツリー倶楽部',5540,14500,20040),('愛情防府フリーマーケット',229,119771,120000),('じばさんフェア',0,43000,43000),('壺まつり',150,15000,15150),('防府航空祭',0,33300,33300),('マツダ防府工場見学',1417,9987,11404),('ほたるのゆうべ',0,0,0),('防府読売マラソン',2572,515,3087),('防府市青少年科学館',0,72767,72767),('春の幸せますフェスタ',2000,58000,60000),('ほうふ花燃ゆ大河ドラマ館「文の防府日和。」',3678,2944,6622),('夏の幸せますフェスタ',0,35000,35000),('遊々かわフェスタ',0,2800,2800),('日帰り延べ人数',749859,1761359,2511218),('宿泊延べ人数',62197,8463,70660),('延べ人数合計',812056,1769822,2581878),('日帰り観光客の実人数',651354,1435690,2087044),('宿泊観光客の実人数',57737,7979,65716),('観光客の実人数合計',709091,1443669,2152760);
/*!40000 ALTER TABLE `bp_h28` ENABLE KEYS */;
UNLOCK TABLES;

--
-- Table structure for table `bp_poi`
--

DROP TABLE IF EXISTS `bp_poi`;
/*!40101 SET @saved_cs_client     = @@character_set_client */;
/*!40101 SET character_set_client = utf8 */;
CREATE TABLE `bp_poi` (
  `no` int(4) DEFAULT NULL,
  `area` varchar(2) DEFAULT NULL,
  `name` varchar(35) DEFAULT NULL,
  `alt1` varchar(3) DEFAULT NULL,
  `alt2` varchar(10) DEFAULT NULL,
  `lat` double DEFAULT NULL,
  `lng` double DEFAULT NULL
) ENGINE=InnoDB DEFAULT CHARSET=utf8;
/*!40101 SET character_set_client = @saved_cs_client */;

--
-- Dumping data for table `bp_poi`
--

LOCK TABLES `bp_poi` WRITE;
/*!40000 ALTER TABLE `bp_poi` DISABLE KEYS */;
INSERT INTO `bp_poi` VALUES (11,'大道','繁枝神社','建造物','神社',34.05619,131.486797),(7,'大道','山頭火句碑','建造物','石碑・塚',34.039393,131.475911),(8,'大道','祠（宮島の十七夜）','風景','祭・行事',34.041758,131.482172),(22,'大道','山頭火樽','建造物','その他',34.058665,131.48809),(21,'大道','横曽根川新堤防','建造物','河川施設・用水施設',34.046816,131.497513),(39,'大道','長沢池','風景','池・湖',34.069731,131.46972),(38,'大道','市旧道まち並み','風景','まちなみ',34.061795,131.485587),(37,'大道','岡条高台よりの景観','風景','海',34.04472,131.47117),(36,'大道','柴山古墳','建造物','古墳',34.047302,131.485679),(79,'大道','千切峠','風景','まちなみ',34.098546,131.504002),(104,'大道','国府の節(こうのぶし)','風景','祭・行事',34.091332,131.493546),(80,'大道','新幹線ウォッチャーが好むスポット','風景','その他',34.08164,131.505867),(76,'大道','長沢池の東の公園','建造物','公園・庭園',34.06893,131.471704),(102,'大道','小俣神楽','風景','祭・行事',34.066499,131.490438),(77,'大道','文教の街','風景','まちなみ',34.053045,131.488826),(101,'大道','下津令神楽','風景','祭・行事',34.055876,131.486136),(107,'大道','切畑八十八ヶ所','風景','その他',34.088026,131.500961),(106,'大道','秋まつり','風景','祭・行事',34.080054,131.504376),(48,'大道','基盤整備した田園','風景','田・畑',34.06245,131.487857),(128,'大道','諧光寺','建造物','お寺・お堂',34.060617,131.486673),(50,'大道','水道公園','建造物','公園・庭園',34.053183,131.513264),(46,'大道','子安観音(岩渕観音)','建造物','仏像',34.054309,131.502991),(49,'大道','榜厳寺山','風景','山・森',34.065171,131.512155),(71,'大道','堂山　杵崎神社　御旅所（年１回祭り）','風景','祭・行事',34.06322,131.483739),(81,'大道','遙拝所灯ろう','建造物','石碑・塚',34.064994,131.481606),(94,'大道','防潮扉','建造物','河川施設・用水施設',34.035716,131.484914),(91,'大道','宮島様','建造物','神社',34.041554,131.482189),(92,'大道','ポンポン山','風景','山・森',34.039287,131.4991),(40,'大道','観音山（地蔵尊めぐり）','建造物','仏像',34.052836,131.503706),(149,'右田','佐波川','風景','川',34.104123,131.58917),(140,'右田','矢筈公園','風景','植物・木',34.089134,131.587991),(148,'右田','彼岸花','風景','植物・木',34.087737,131.580179),(138,'右田','人丸の渡し','風景','川',34.082073,131.578783),(139,'右田','ホタル川','風景','生き物',34.081517,131.575797),(246,'右田','人丸橋、本橋、大崎橋','建造物','橋',34.078246,131.576915),(147,'右田','バードウォッチング','風景','生き物',34.073831,131.575643),(59,'右田','新幹線の名スポット','建造物','鉄道・道路',34.074496,131.570533),(141,'右田','右田ヶ岳の姿（正面）','風景','山・森',34.079204,131.571455),(152,'右田','右田毛利家の邸宅','建造物','建物',34.089996,131.571302),(136,'右田','太平寺の石風呂','建造物','その他',34.087273,131.569022),(137,'右田','熊野神社','建造物','神社',34.086855,131.568385),(249,'右田','キリシタン灯篭','建造物','石碑・塚',34.086573,131.569545),(60,'右田','月の桂の庭','建造物','公園・庭園',34.078166,131.563924),(250,'右田','天徳寺のイチョウ','風景','植物・木',34.077725,131.56051),(58,'右田','右田毛利の墓','建造物','お墓',34.079008,131.561583),(56,'右田','石船山の観音様','建造物','仏像',34.079557,131.559845),(146,'右田','右田ヶ岳の大きな石が見える','風景','山・森',34.072861,131.559709),(246,'右田','人丸橋、本橋、大崎橋','建造物','橋',34.068198,131.563941),(248,'右田','砲台跡','建造物','基地',34.08165,131.550668),(247,'右田','明治天皇の休憩所','建造物','その他',34.08209,131.549543),(57,'右田','田中柏陰の筆塚','建造物','石碑・塚',34.067435,131.543457),(186,'右田','瀧鶴台夫人世良氏生誕之地碑','建造物','石碑・塚',34.084617,131.575044),(187,'右田','瀧鶴台夫人頌徳碑','建造物','石碑・塚',34.08456,131.575299),(192,'右田','早乙女塚','建造物','石碑・塚',34.08406,131.574769),(188,'右田','お大師様','建造物','石碑・塚',34.083374,131.576434),(189,'右田','猿田彦大神','建造物','石碑・塚',34.085679,131.575844),(191,'右田','四つ樋地蔵様','建造物','石碑・塚',34.085517,131.575791),(190,'右田','石組の水路','風景','水路',34.085665,131.575654),(209,'右田','石舟山（１９２ｍ）','建造物','石碑・塚',34.080684,131.559304),(208,'右田','劔神社','建造物','神社',34.075856,131.55388),(206,'右田','新橋','建造物','橋',34.064064,131.557594),(169,'右田','佐波川土手から見る夕陽','風景','川',34.060547,131.546286),(169,'右田','佐波川土手から見る夕陽','風景','川',34.058981,131.54864),(207,'右田','ひめ山','風景','山・森',34.063262,131.543747),(211,'右田','入口モニュメント','建造物','その他',34.064525,131.539445),(215,'右田','臥竜松（五葉松）','風景','植物・木',34.062143,131.537486),(213,'右田','玉祖神社の黒柏','風景','生き物',34.057413,131.53387),(212,'右田','姥滝','風景','滝',34.075616,131.537494),(167,'右田','押地峠','風景','山・森',34.073994,131.511923),(210,'右田','佐野峠','風景','山・森',34.055625,131.507867),(214,'右田','青ノリ（アオサ）','風景','植物・木',34.048456,131.520203),(264,'小野','奥畑の棚田','風景','田・畑',34.14967,131.65085),(270,'小野','ホタル','風景','生き物',34.128352,131.62595),(267,'小野','久兼の棚田','風景','田・畑',34.114825,131.633365),(266,'小野','大井谷川の桜','風景','植物・木',34.129361,131.605091),(256,'小野','佐波川の霧','風景','川',34.125933,131.609405),(257,'小野','佐波川にうつる夕日','風景','川',34.123435,131.608142),(340,'小野','つつじ','風景','植物・木',34.133225,131.600138),(268,'小野','小野大橋','建造物','橋',34.11349,131.604203),(262,'小野','松尾山からの小野の風景','風景','まちなみ',34.111425,131.610991),(270,'小野','ホタル','風景','生き物',34.113289,131.594747),(270,'小野','ホタル','風景','生き物',34.110225,131.594984),(265,'小野','佐波川の鯉','風景','生き物',34.105919,131.591154),(251,'小野','平川（たいらがわ）','風景','川',34.110148,131.590595),(263,'小野','宇佐八幡宮の社、石段','建造物','神社',34.108888,131.588631),(371,'小野','シャクナゲとセンブリ','風景','植物・木',34.109241,131.587826),(282,'小野','石風呂を活用した市民交流','建造物','その他',34.131013,131.620991),(286,'小野','久兼西片棚田の水田、石垣','風景','田・畑',34.128589,131.627795),(287,'小野','井手の水の流れ','風景','水路',34.127271,131.626658),(289,'小野','荒神様','建造物','神社',34.127221,131.628041),(276,'小野','久兼まつり（埴山神社）','風景','祭・行事',34.11528,131.634598),(274,'小野','棚田あぜに咲く彼岸花群','風景','植物・木',34.114106,131.63269),(273,'小野','久兼川にかかる石橋','建造物','橋',34.107621,131.630231),(272,'小野','ふるさと牧場、農家住宅、角名「景樹桜」','建造物','建物',34.106479,131.629596),(364,'小野','三坂神社','建造物','神社',34.152181,131.61859),(367,'小野','三条山からの集落の眺め','風景','まちなみ',34.146211,131.604233),(291,'小野','中山公会堂（矢筈岳の雪景色）','風景','山・森',34.137435,131.61468),(362,'小野','中山井手（渡り鳥）','風景','生き物',34.135585,131.616584),(294,'小野','片地山入口','風景','田・畑',34.134838,131.617314),(368,'小野','虹橋（水面に写る矢筈岳、蛍の乱舞）','風景','山・森',34.133614,131.613114),(363,'小野','久兼の滝','風景','滝',34.133472,131.6217),(292,'小野','切が淵　水面に写る矢筈岳、菜種の花、鮎のボート','風景','川',34.131371,131.608255),(369,'小野','真尾の井手（真尾側）','風景','山・森',34.107544,131.60275),(301,'小野','松尾山の観音堂（33観音）','建造物','仏像',34.10725,131.607095),(359,'小野','金比羅神社と金比羅の滝','風景','滝',34.099883,131.606295),(302,'小野','普明寺　観音堂','建造物','仏像',34.099335,131.596749),(303,'小野','鎌八幡跡','建造物','神社',34.095915,131.596693),(356,'小野','大歳神社と砂防ダム　人丸社','建造物','神社',34.099338,131.592535),(358,'小野','石鎚社','建造物','神社',34.091667,131.600593),(216,'小野','滝','風景','滝',34.151331,131.6432),(199,'小野','本畑のタブの木（大木）','風景','植物・木',34.150846,131.651818),(216,'小野','滝','風景','滝',34.141761,131.651629),(198,'小野','麻生のくろがねもちの木（大木）','風景','植物・木',34.140364,131.643344),(347,'小野','中山薬師堂','建造物','お寺・お堂',34.141332,131.616232),(346,'小野','三条山','風景','山・森',34.146984,131.60351),(350,'小野','荒神山（正月飾りのうらじろの山）','風景','植物・木',34.139119,131.609928),(349,'小野','徳龍寺','建造物','お寺・お堂',34.140899,131.613964),(216,'小野','滝','風景','滝',34.13472,131.584857),(220,'小野','松ヶ谷川','風景','川',34.130975,131.593773),(233,'小野','岩屋観音','建造物','仏像',34.134855,131.59376),(224,'小野','松ヶ谷から林道を通り十七に抜ける道','風景','植物・木',34.13109,131.587357),(231,'小野','役行者の上、眺望、普門寺上','風景','まちなみ',34.123693,131.595789),(197,'小野','中央橋から矢筈岳の眺望','風景','山・森',34.121404,131.606855),(217,'小野','石風呂','建造物','その他',34.123559,131.61021),(217,'小野','石風呂','建造物','その他',34.116336,131.592886),(157,'小野','荒神山からの展望','風景','まちなみ',34.112255,131.589277),(221,'小野','矢筈岳の景観','風景','山・森',34.109497,131.601918),(160,'小野','宇佐八幡宮参道のつつじ、桜','風景','植物・木',34.108657,131.589329),(159,'小野','しゃくなげ祭り、腰輪おどり','風景','祭・行事',34.108979,131.587724),(223,'小野','八幡岳頂上','風景','山・森',34.105944,131.581299),(216,'小野','滝','風景','滝',34.088524,131.614804),(200,'小野','四つ岩のもっこく（大岩）','風景','その他',34.089077,131.61553),(218,'小野','モリアオガエル','風景','生き物',34.104307,131.605837),(232,'小野','弘法大師８８箇所','建造物','仏像',34.12006,131.630894),(217,'小野','石風呂','建造物','その他',34.122055,131.634078),(326,'小野','中山→矢筈岳','風景','山・森',34.140564,131.617848),(269,'小野','旧小野小跡地からの矢筈岳の眺め','風景','山・森',34.124371,131.60329),(314,'小野','ラクダに見える山','風景','山・森',34.110124,131.604864),(317,'小野','山のほうから見る景色が良い','風景','まちなみ',34.093364,131.604609),(313,'小野','ふるさと牧場','風景','その他',34.105249,131.62934),(312,'小野','宝積寺','風景','まちなみ',34.120234,131.635517),(311,'小野','久兼川側道で見られるホタル','風景','生き物',34.122087,131.631494),(315,'小野','１本桜','風景','植物・木',34.127982,131.626074),(283,'小野','里山に咲くコブシやヤマザクラ','風景','植物・木',34.124416,131.631006),(284,'小野','赤山の滝','風景','滝',34.133982,131.627992),(331,'小野','久兼の山　こぶし花','風景','植物・木',34.10599,131.628623),(281,'小野','山口県棚田20選、里山を活用した農村・農業体験','風景','田・畑',34.105578,131.629656),(372,'小野','バードウォッチング','風景','生き物',34.105123,131.599988),(373,'小野','蛍','風景','生き物',34.120319,131.605733),(409,'松崎','そば屋','建造物','建物',34.06134,131.572222),(406,'松崎','テーラー伊藤','建造物','建物',34.061175,131.571996),(407,'松崎','山内家','建造物','建物',34.058142,131.571085),(408,'松崎','鳥居とホコラ','建造物','石碑・塚',34.056714,131.570587),(398,'松崎','花神子社参式','風景','祭・行事',34.05561,131.573546),(322,'松崎','桜づつみ公園','風景','植物・木',34.069842,131.569607),(321,'松崎','ほたる祭り','風景','祭・行事',34.069199,131.566594),(399,'松崎','裏参道','建造物','神社',34.063053,131.572763),(426,'松崎','人丸神社','建造物','神社',34.07637,131.580496),(452,'松崎','おしどり飛来地','風景','生き物',34.071402,131.571653),(424,'松崎','身投げ岩','風景','川',34.070804,131.571495),(451,'松崎','迫戸川流域','風景','川',34.06582,131.570455),(448,'松崎','梅の小路（天満宮奥の山）','風景','植物・木',34.065476,131.572708),(423,'松崎','天神山山頂','風景','まちなみ',34.06752,131.574668),(449,'松崎','酒垂神社','建造物','神社',34.065008,131.576271),(446,'松崎','宮市観音（毎年４月３日お祭）','風景','祭・行事',34.061352,131.57128),(421,'松崎','多々良大仏','建造物','仏像',34.060349,131.587889),(422,'松崎','馬神様','建造物','お寺・お堂',34.057557,131.582154),(447,'松崎','古い巨木（防府天満宮）','風景','植物・木',34.062943,131.574865),(425,'松崎','北向地像様','建造物','仏像',34.061713,131.575981),(436,'松崎','国分寺','建造物','お寺・お堂',34.061268,131.579368),(437,'松崎','佐波神社','建造物','神社',34.061106,131.582673),(458,'松崎','鰐石歯医者　旧店舗','建造物','建物',34.061337,131.572417),(459,'松崎','原田駄菓子屋','建造物','建物',34.062037,131.572825),(464,'松崎','武光家　門','建造物','建物',34.061229,131.577146),(412,'松崎','佐波川土手のつつじ','風景','植物・木',34.052042,131.534629),(440,'松崎','駅通り　戎町１区','風景','まちなみ',34.055974,131.569361),(392,'勝間','中央町公園','建造物','公園・庭園',34.051757,131.57153),(391,'勝間','妙見神社　秋まつり','風景','祭・行事',34.051837,131.573609),(393,'勝間','車塚ネオン街','風景','まちなみ',34.052739,131.573726),(386,'勝間','水車','建造物','河川施設・用水施設',34.053211,131.573513),(394,'勝間','山陽線鉄道下の樹木','風景','植物・木',34.053092,131.574407),(389,'勝間','藤本町','風景','まちなみ',34.050511,131.572142),(390,'勝間','五差路','風景','まちなみ',34.049588,131.572333),(388,'勝間','NTTタワー','建造物','その他',34.050647,131.573436),(376,'勝間','鋳物師　常夜灯','建造物','その他',34.049796,131.576459),(402,'勝間','江川のホタル','風景','生き物',34.052629,131.582521),(468,'勝間','江川沿いの遊歩道の桜','風景','植物・木',34.051922,131.586743),(417,'勝間','江川に鯉','風景','川',34.051675,131.586995),(416,'勝間','お旅所','建造物','その他',34.050307,131.583586),(467,'勝間','ロボット公園','建造物','公園・庭園',34.049314,131.583329),(466,'勝間','妙見神社　車塚古墳','建造物','古墳',34.052121,131.573434),(403,'勝間','鐘紡のあと地','建造物','工場・窯',34.04336,131.587411),(472,'勝間','どんど焼き','風景','祭・行事',34.045583,131.578788),(481,'勝間','老松神社　境内の楠と藤のつる','風景','植物・木',34.044913,131.572631),(482,'勝間','正福寺　墓石','建造物','お墓',34.044394,131.572239),(477,'勝間','浜ノ宮鳥居','建造物','神社',34.052118,131.589256),(431,'勝間','江川','風景','川',34.050538,131.591264),(432,'勝間','燈籠灯台','建造物','その他',34.050844,131.591253),(478,'勝間','竜神様','建造物','神社',34.048678,131.584397),(476,'勝間','勝間神社と公園　桜、梅','風景','植物・木',34.047155,131.591963),(527,'勝間','柏木体温計跡地','風景','その他',34.045399,131.576046),(494,'勝間','夏目雅子の墓','建造物','お墓',34.046769,131.568859),(483,'勝間','桑山　明治維新志士の墓碑','建造物','お墓',34.046208,131.567689),(491,'勝間','石畳の道','建造物','鉄道・道路',34.046514,131.579036),(473,'勝間','防府市記念モデル遊園','建造物','公園・庭園',34.04535,131.578554),(471,'勝間','三田尻御舟倉','建造物','その他',34.045813,131.578781),(514,'勝間','周防国衙跡','建造物','石碑・塚',34.052338,131.581488),(512,'勝間','鋳物師会館','建造物','建物',34.050084,131.577962),(511,'勝間','鋳物師大師塚古墳','建造物','古墳',34.050282,131.578103),(513,'勝間','鋳物師児童公園内藤棚','風景','植物・木',34.050624,131.576594),(515,'勝間','桜並木','風景','植物・木',34.048075,131.566016),(526,'勝間','元鐘紡の正門','建造物','建物',34.044264,131.581897),(528,'勝間','桜並木','風景','植物・木',34.043372,131.577858),(469,'勝間','お大師さま（年２回お接待）','風景','祭・行事',34.049594,131.581342),(617,'華浦','住吉神社','建造物','神社',34.042116,131.578241),(619,'華浦','水軍の石碑','建造物','石碑・塚',34.042247,131.578282),(624,'華浦','防府高校　乙女椿の碑','建造物','石碑・塚',34.04867,131.569477),(625,'華浦','おしょうナマズの像','建造物','仏像',34.051207,131.560051),(621,'華浦','桑山八幡宮（やっこ行列）','風景','祭・行事',34.04755,131.560347),(503,'華浦','鞠生の松原','風景','植物・木',34.039173,131.567892),(507,'華浦','ヒヤ土手','建造物','河川施設・用水施設',34.043516,131.567404),(508,'華浦','松原公園側　用水路','風景','水路',34.043847,131.570633),(509,'華浦','大楽寺','建造物','お寺・お堂',34.046614,131.568546),(576,'華浦','桑山北側　展望台','風景','まちなみ',34.048294,131.564274),(381,'華浦','広場（昔、瀬戸内海を見張った場所）','建造物','公園・庭園',34.048185,131.560738),(541,'華浦','住吉神社　石造燈台','建造物','その他',34.042325,131.578567),(553,'華浦','三田尻本陣　五十君家','建造物','建物',34.044311,131.574718),(561,'華浦','荒瀬桑陽の碑','建造物','石碑・塚',34.041883,131.572342),(564,'華浦','華浦病院・医学校跡','建造物','石碑・塚',34.044006,131.570757),(546,'華浦','秋葉大神','建造物','神社',34.044274,131.571537),(556,'華浦','桑山大師堂と88ヵ所霊場','建造物','お寺・お堂',34.044438,131.567729),(543,'華浦','小烏神社','建造物','神社',34.039918,131.567738),(536,'華浦','奴長持保存会','風景','祭・行事',34.034959,131.559684),(562,'華浦','河野養哲　墓','建造物','お墓',34.047407,131.577872),(542,'華浦','一馬本店','建造物','建物',34.04478,131.576085),(554,'華浦','英雲荘','建造物','建物',34.045471,131.573838),(552,'華浦','老松神社　女尻相撲','風景','祭・行事',34.044773,131.572817),(563,'華浦','三哲文庫','風景','その他',34.051555,131.571782),(555,'華浦','楫取素彦','建造物','お墓',34.046149,131.568283),(547,'華浦','護国神社','建造物','神社',34.046599,131.567686),(548,'華浦','立木観音','建造物','仏像',34.048179,131.567604),(549,'華浦','野村望東尼','建造物','お墓',34.045116,131.564191),(550,'華浦','井上山','風景','山・森',34.048832,131.560804),(531,'牟礼','柳川下流　ふぐの子やボラ','風景','生き物',34.04437,131.598144),(532,'牟礼','柳川土手　桜並木','風景','植物・木',34.048292,131.6031),(535,'牟礼','岸津排水機場','建造物','河川施設・用水施設',34.045528,131.595307),(533,'牟礼','江泊山　８８ヵ所','建造物','仏像',34.025744,131.613767),(606,'牟礼','特攻艦隊留魂碑','建造物','石碑・塚',34.030006,131.617352),(607,'牟礼','上山満之進様の墓所','建造物','お墓',34.035444,131.609297),(568,'牟礼','農大前の桜並木','風景','植物・木',34.068691,131.610698),(534,'牟礼','春日神社（赤鬼まつり、みそぎ）','風景','祭・行事',34.071311,131.611112),(569,'牟礼','ドクターイエローの撮影スポット','建造物','鉄道・道路',34.072307,131.610377),(566,'牟礼','阿弥陀寺付近のお地蔵様','建造物','仏像',34.075023,131.613783),(567,'牟礼','大平山の西側','風景','まちなみ',34.071315,131.630467),(696,'牟礼','岩畠古墳','建造物','古墳',34.061148,131.592663),(698,'牟礼','道半（どうはん）ため池','風景','池・湖',34.061609,131.596066),(697,'牟礼','極楽寺','建造物','お寺・お堂',34.064072,131.593889),(699,'牟礼','先祖供養の盆おどり','風景','祭・行事',34.059219,131.595955),(669,'牟礼','農業大学校（八重の山桜）','風景','植物・木',34.070937,131.616412),(666,'牟礼','農業大学校（酪農舎周囲からの夜景）','風景','まちなみ',34.070608,131.615657),(668,'牟礼','農業大学校（桜並木）','風景','植物・木',34.070127,131.613934),(658,'牟礼','農業大学校の牧草地の牛','風景','生き物',34.071323,131.616302),(660,'牟礼','大平山山頂からの瀬戸内海の展望','風景','海',34.070748,131.630819),(652,'牟礼','旧山陽道（道沿いに家）','風景','まちなみ',34.05051,131.611338),(659,'牟礼','山桜','風景','植物・木',34.054963,131.616405),(663,'牟礼','旧山陽道　石畳','建造物','鉄道・道路',34.048282,131.624689),(581,'牟礼','九州が見える場所（バイパス南）','建造物','鉄道・道路',34.046869,131.623777),(661,'牟礼','壷まつり','風景','祭・行事',34.040763,131.622341),(664,'牟礼','お大師様','風景','祭・行事',34.042143,131.626277),(665,'牟礼','お地蔵様','風景','祭・行事',34.041439,131.624993),(662,'牟礼','のぼり窯','建造物','工場・窯',34.040158,131.622574),(662,'牟礼','のぼり窯','建造物','工場・窯',34.038937,131.62181),(582,'牟礼','瓦窯跡','風景','その他',34.035937,131.617675),(692,'牟礼','敷山城あと','風景','その他',34.083094,131.594395),(691,'牟礼','地蔵','建造物','仏像',34.057656,131.600104),(598,'牟礼','防府霊場めぐり　牟礼１８箇所','風景','祭・行事',34.054653,131.6051),(599,'牟礼','鬼面造り　４年生','風景','祭・行事',34.054157,131.605056),(675,'牟礼','江泊山の眺め','風景','山・森',34.047094,131.58166),(678,'牟礼','阿弥陀寺のあじさい','風景','植物・木',34.075721,131.614583),(679,'牟礼','阿弥陀寺の石風呂','建造物','その他',34.075489,131.6147),(680,'牟礼','阿弥陀寺の河津桜','風景','植物・木',34.077441,131.615216),(677,'牟礼','阿弥陀寺のヤマモモ','風景','植物・木',34.075911,131.614845),(596,'牟礼','盆踊り','風景','祭・行事',34.061101,131.614245),(672,'牟礼','旧山陽道','建造物','鉄道・道路',34.050055,131.615369),(676,'牟礼','旧山陽道　浮野峠','風景','山・森',34.048737,131.619294),(597,'牟礼','山陽道を歩く会','風景','祭・行事',34.051141,131.608678),(496,'牟礼','太陽光発電施設','建造物','その他',34.041479,131.599257),(673,'牟礼','防府８８ヵ所（牟礼に１８ヵ所）','風景','祭・行事',34.055929,131.609371),(601,'富海','山陽自動車道　富海ＰＡ（棚田、望海の景色）','風景','田・畑',34.062348,131.654983),(591,'富海','琴音の滝','風景','滝',34.058438,131.642448),(594,'富海','八崎開作、浦開作','風景','その他',34.048522,131.64481),(594,'富海','八崎開作、浦開作','風景','その他',34.045805,131.647223),(602,'富海','新開作堤防　夕日がきれい','建造物','河川施設・用水施設',34.043521,131.645356),(603,'富海','万石（ばんせき）','風景','その他',34.043039,131.630372),(649,'富海','瀬戸内遠望','風景','海',34.045904,131.631533),(595,'富海','大内輝弘　自刃の地','風景','その他',34.045715,131.628879),(650,'富海','伊藤・井上両公　上陸跡地','風景','その他',34.048274,131.642741),(647,'富海','大和屋政助船蔵、船蔵通り','建造物','建物',34.049511,131.644598),(648,'富海','富海本陣門','建造物','建物',34.049968,131.644714),(704,'富海','国津姫神社','建造物','神社',34.049926,131.648566),(702,'富海','蛍の里','風景','生き物',34.05069,131.649991),(703,'富海','脇古墳','建造物','古墳',34.051331,131.651532),(593,'富海','毛利時親の墓','建造物','お墓',34.05507,131.653215),(717,'富海','ムクロ樹','風景','植物・木',34.050202,131.648502),(736,'富海','鮎児川','風景','川',34.049617,131.640662),(706,'富海','恵比須社','建造物','神社',34.047839,131.64114),(737,'富海','大師川','風景','川',34.048131,131.639437),(722,'富海','朝日昇る状況（景色）　初日の出','風景','その他',34.052671,131.636172),(721,'富海','富海全体の景観（景色）','風景','まちなみ',34.051443,131.635608),(711,'富海','八崎岬','風景','海',34.0375,131.644884),(747,'富海','初日の出スポット','風景','その他',34.044709,131.630758),(752,'富海','大浜海岸','風景','海',34.041853,131.662627),(751,'富海','いこいの森','風景','山・森',34.060458,131.642009),(746,'富海','ホタル祭','風景','生き物',34.049713,131.648831),(761,'富海','花まつり','風景','祭・行事',34.058218,131.652499),(762,'富海','富海湾の景観','風景','海',34.058082,131.652331),(753,'富海','貴崎宮（きざき様）','建造物','仏像',34.037169,131.644742),(775,'富海','椿峠からの景観','風景','まちなみ',34.066331,131.663094),(782,'富海','小島　浜から見る景観','風景','海',34.039923,131.661973),(781,'富海','富海駅','建造物','建物',34.048485,131.639059),(773,'富海','旧山陽道から見る八崎岬の景観','風景','海',34.046229,131.632383),(784,'富海','海水浴場、ビーチサッカーに最適な砂','風景','海',34.046947,131.639546),(783,'富海','伊藤博文　井上馨　宿泊場所','建造物','建物',34.048362,131.642719),(786,'野島','海水浴場の金石','風景','その他',33.947939,131.696521),(741,'野島','年金波止場','風景','その他',33.945867,131.692432),(726,'野島','周防野島燈台','建造物','その他',33.937174,131.695693),(776,'野島','軍隊跡','風景','その他',33.939852,131.698901),(798,'野島','ハマユウ','風景','植物・木',33.94777,131.696987),(796,'野島','津久美浜ウラ　初日の出','風景','その他',33.946685,131.697041),(797,'野島','散歩コース','風景','山・森',33.940201,131.695855),(799,'野島','筍・ツワブキ','風景','植物・木',33.94083,131.695717),(800,'野島','四国のお大師さま（年に１度の荒行）','風景','祭・行事',33.935592,131.695178),(837,'野島','コゼト','風景','その他',33.950324,131.698286),(836,'野島','津久美ヶ浜海水浴場','風景','その他',33.9475,131.696573),(817,'野島','市立野島小中学校','建造物','建物',33.943666,131.696013),(839,'野島','矢立神社　祭り','風景','祭・行事',33.942556,131.693878),(838,'野島','天石鼻','風景','その他',33.942402,131.688995),(816,'野島','定兼鼻','風景','その他',33.935369,131.69522),(858,'野島','徳山の夜景','風景','まちなみ',33.947198,131.697201),(877,'野島','お笑い観音様','建造物','仏像',33.946009,131.695675),(876,'野島','野島墓地　手入れが良い','建造物','お墓',33.94561,131.696029),(847,'野島','段々畑','風景','田・畑',33.944192,131.696443),(878,'野島','万功寺　阿弥陀如来様','建造物','仏像',33.942178,131.695068),(879,'野島','兵舎あと地','風景','その他',33.94187,131.697916),(848,'野島','田の浦','風景','その他',33.93935,131.700614),(846,'野島','白灯台の上からの眺め','風景','海',33.937003,131.695748),(787,'野島','野島遊覧（１周）','風景','海',33.945529,131.693859),(856,'野島','ねずみヶ森','風景','山・森',33.952252,131.698407),(857,'野島','柏の葉','風景','植物・木',33.957551,131.699027),(891,'野島','島の盆踊','風景','祭・行事',33.944103,131.695449),(892,'野島','万功寺において降誕会','風景','祭・行事',33.942288,131.695054),(909,'野島','ふたわれ','風景','その他',33.938923,131.70088),(910,'野島','ほこ岩','風景','その他',33.938336,131.700626),(893,'野島','姫のきざ石','風景','その他',33.959126,131.701449),(890,'向島','人麿神社','建造物','神社',34.013718,131.573555),(889,'向島','ゆうあい　施設','建造物','建物',34.012469,131.569206),(916,'向島','運動公園の桜','風景','植物・木',34.008488,131.569267),(888,'向島','くろがねもちの巨木','風景','植物・木',34.004341,131.568796),(913,'向島','中関港','風景','その他',34.005208,131.567346),(911,'向島','観音様','建造物','仏像',33.99751,131.562689),(912,'向島','田の浦海水浴場','風景','海',33.994179,131.562754),(919,'向島','立岩稲荷、FMわっしょい電波塔','建造物','その他',34.014949,131.582902),(904,'向島','錦山山頂','風景','山・森',34.006912,131.580103),(905,'向島','たぬき生息地','風景','生き物',34.004349,131.589397),(902,'向島','立岩','風景','その他',33.998311,131.590158),(901,'向島','イオミ','風景','その他',34.005788,131.593792),(903,'向島','石切場','風景','その他',33.994077,131.581141),(962,'向島','錦橋（回転橋）','建造物','橋',34.020105,131.580689),(940,'向島','松富かまぼこ店','建造物','工場・窯',34.022014,131.585408),(956,'向島','厳島神社　十七夜祭','風景','祭・行事',34.021522,131.585792),(966,'向島','立岩の釣り場','風景','その他',34.024603,131.586455),(967,'向島','東浜の潮干狩り','風景','生き物',34.021843,131.58778),(953,'向島','東の公園から見る元日の日の出','建造物','公園・庭園',34.022375,131.587133),(939,'向島','厳島神社の夏祭り','風景','祭・行事',34.023959,131.587305),(954,'向島','生の神様','建造物','神社',34.021463,131.586067),(968,'向島','立岩行の地蔵','建造物','仏像',34.000904,131.589398),(869,'向島','人麿神社　碑','建造物','石碑・塚',34.013533,131.573492),(870,'向島','運動公園、記念樹公園','建造物','公園・庭園',34.008993,131.568932),(827,'向島','竜宮岬（翁崎）','風景','その他',34.014919,131.601415),(826,'向島','向島の氏神様　厳島神社','建造物','神社',34.02126,131.585912),(875,'向島','錦山中腹から見える市街地','風景','まちなみ',34.015465,131.585664),(828,'向島','防府市向島の寒桜（蓬莱桜）','風景','植物・木',34.01811,131.578756),(873,'向島','平家落ち人の墓','建造物','お墓',34.016609,131.579829),(829,'向島','魚見台','建造物','その他',34.005613,131.591259),(866,'向島','立岩稲荷神社','建造物','神社',33.999113,131.589668),(1013,'向島','海賊の墓','建造物','お墓',34.015507,131.577782),(981,'向島','辰ヶ口','風景','その他',34.011431,131.567854),(986,'向島','小田波止場（海面に沈む夕日）','風景','その他',33.999274,131.560198),(947,'向島','小田港より中関工場地帯','建造物','工場・窯',33.999847,131.560668),(960,'向島','蓬菜アサリ','風景','生き物',34.020771,131.582154),(1021,'新田','桑山山頂','風景','山・森',34.04647,131.56571),(1001,'新田','お旅所','風景','その他',34.02903,131.572312),(1002,'新田','夏祭り','風景','祭・行事',34.030333,131.574028),(928,'新田','明治天皇行啓地','風景','その他',34.022901,131.581429),(1003,'新田','漁師の舟だまり。対岸の景色','風景','まちなみ',34.02148,131.583208),(926,'新田','いいの子の祭り　子供の祭り','風景','祭・行事',34.02123,131.579916),(941,'新田','防府の富士山（江泊山）','風景','山・森',34.023305,131.585375),(924,'新田','錦山中腹から見る南部工場群','建造物','工場・窯',34.014097,131.580217),(925,'新田','渡船跡の標識がある','建造物','その他',34.017013,131.57289),(1022,'新田','スポーツセンター横の桜並木','風景','植物・木',34.023515,131.566515),(923,'新田','三田尻大会所跡','建造物','石碑・塚',34.021089,131.567493),(1041,'新田','横入川地区中央に鎮座　地蔵さん','建造物','仏像',34.027577,131.575368),(1042,'新田','豊年橋','建造物','橋',34.027121,131.574303),(1038,'新田','桜の木がキレイ','風景','植物・木',34.020865,131.567752),(1045,'新田','手羽先が白のカラス','風景','生き物',34.020548,131.567913),(1046,'新田','問屋口と向島との海','風景','海',34.010384,131.56611),(1047,'新田','桜土手','風景','植物・木',34.01737,131.57357),(1037,'新田','タヌキの置物','建造物','その他',34.020988,131.579882),(1044,'新田','錦橋からの江泊山の朝焼け','風景','山・森',34.02076,131.580263),(1065,'新田','防波堤より　沖　眺望　野島','風景','海',34.031693,131.589317),(1070,'新田','百間土手','建造物','河川施設・用水施設',34.02537,131.579391),(1066,'新田','聖蹟記念公園','建造物','公園・庭園',34.0228,131.581533),(1059,'新田','恵比須神社祭り','風景','祭・行事',34.022416,131.581564),(1056,'新田','向島の渡し舟の石だたみ。防波堤。','建造物','河川施設・用水施設',34.021674,131.581812),(1063,'新田','盆踊り','風景','祭・行事',34.022262,131.579792),(1060,'新田','山の中腹より市内を見た夜景','風景','まちなみ',34.019745,131.587436),(1071,'新田','近代的なソルトアリーナ','建造物','建物',34.023165,131.569634),(1051,'新田','景観（周防灘を一望）','風景','海',34.007431,131.580405),(1096,'新田','向島ため池～立岩稲荷（眺望良し）','風景','池・湖',34.012902,131.585493),(1081,'新田','山頭火石碑','建造物','石碑・塚',34.053493,131.512037),(1082,'新田','枡築らんかん橋','建造物','橋',34.053747,131.512204),(1043,'新田','横入川の土手','建造物','河川施設・用水施設',34.026516,131.57348),(1164,'佐波','円形分水槽','建造物','河川施設・用水施設',34.069263,131.568866),(1165,'佐波','足神様','建造物','仏像',34.067257,131.569825),(1151,'佐波','老人健康の道','建造物','鉄道・道路',34.066668,131.570384),(1163,'佐波','護国寺','建造物','お寺・お堂',34.063822,131.563173),(1161,'佐波','中関港道','建造物','鉄道・道路',34.061761,131.559126),(1152,'佐波','開出荒神社','建造物','神社',34.059343,131.554891),(1153,'佐波','高倉荒神社','建造物','神社',34.056224,131.560382),(1171,'佐波','桜土手と水源地','風景','植物・木',34.069678,131.568488),(1175,'佐波','水神荒神様、水神荒神さん','建造物','石碑・塚',34.068881,131.566889),(1172,'佐波','夕日の癒し（新橋土手東）','建造物','河川施設・用水施設',34.063416,131.558606),(1186,'佐波','新橋妙見神社','建造物','神社',34.062909,131.557607),(1173,'佐波','山頭火誕生地','建造物','石碑・塚',34.059671,131.567136),(1174,'佐波','戎ヶ森（山頭火の句碑）','建造物','石碑・塚',34.05691,131.567241),(1133,'中関','航空自衛隊北基地','建造物','基地',34.036087,131.54412),(1254,'中関','防府航空祭','風景','祭・行事',34.032974,131.541381),(1131,'中関','田島山の四季','風景','山・森',34.021546,131.532708),(1255,'中関','航空自衛隊南基地','建造物','基地',34.019259,131.541482),(1121,'中関','中関ふれあい祭り','風景','祭・行事',34.018045,131.548907),(1251,'中関','桝築らんかん橋','建造物','橋',34.016574,131.552288),(1252,'中関','三田尻塩田記念産業公園','建造物','公園・庭園',34.017681,131.559673),(1101,'中関','磯崎神社','建造物','神社',34.024439,131.560962),(1253,'中関','中関港','建造物','工場・窯',34.007648,131.56127),(1104,'中関','中関マリーナ','建造物','その他',34.000371,131.544976),(1102,'中関','中関本町などのまち並み','風景','まちなみ',34.009476,131.538184),(1105,'中関','田島山','風景','山・森',34.009662,131.534826),(1103,'中関','中浦の漁村集落','風景','まちなみ',34.007532,131.524016),(1256,'中関','防府新大橋','建造物','橋',34.030792,131.489877),(1222,'中関','二ノ桝橋','建造物','橋',34.015307,131.547831),(1223,'中関','清掃活動（マロックスからゴルフ場の間）','風景','その他',34.013474,131.548602),(1221,'中関','三ノ桝通りの公園の藤棚','風景','植物・木',34.001969,131.549091),(1207,'中関','玉祖神社（秋の例大祭）','風景','祭・行事',34.014067,131.532272),(1209,'中関','樋門及び排水ポンプ','建造物','河川施設・用水施設',34.012197,131.5379),(1208,'中関','塩釜神社','建造物','神社',34.010777,131.537214),(1206,'中関','マリーナ対岸の土手陶板','風景','その他',34.005729,131.544869),(1276,'西浦','大海湾に沈む夕日','風景','海',34.035204,131.499407),(1277,'西浦','田園地帯の中のＮＨＫ放送塔','建造物','その他',34.030544,131.510881),(1280,'西浦','鯔（いな）だぶ　（人工池）　葦の群生','風景','植物・木',34.025897,131.504559),(1279,'西浦','入川の船溜','建造物','河川施設・用水施設',34.024512,131.508222),(1273,'西浦','金切神社','建造物','神社',34.026534,131.517316),(1128,'西浦','玉祖神社','建造物','神社',34.02537,131.519332),(1269,'西浦','西浦小茅団地の公園の桜','風景','植物・木',34.014298,131.52134),(1268,'西浦','西浦小茅地蔵鼻から眺める周防灘','風景','海',34.003692,131.509248),(1266,'西浦','西浦漁港からの夕日','風景','海',34.011248,131.510237),(1267,'西浦','西園団地の公園からの眺望','建造物','公園・庭園',34.010647,131.512752),(1211,'西浦','川田　カモ及びカモの子','風景','生き物',34.039089,131.528875),(1272,'西浦','西浦倉重農園からみた大海湾','風景','海',34.024802,131.530171),(1126,'西浦','田島山','風景','山・森',34.017277,131.524009),(1324,'西浦','西浦　開作','建造物','河川施設・用水施設',34.032254,131.507896),(1322,'西浦','毛利重就公と前ヶ浜塩田','風景','田・畑',34.021407,131.515424),(1323,'西浦','毛利重就公の残した遺産の恩恵は今、マツダ自動車工場（前ヶ浜塩田跡地）','建造物','工場・窯',34.020565,131.516094),(1321,'西浦','和立海神社','建造物','神社',34.024518,131.516982),(1281,'西浦','黒山・古墳群','建造物','古墳',34.02475,131.517801),(1281,'西浦','黒山・古墳群','建造物','古墳',34.026586,131.520792),(1282,'西浦','女山古墳群','建造物','古墳',34.03286,131.528941),(1318,'西浦','鹿角神社と観音堂','建造物','神社',34.032941,131.525366),(1108,'西浦','新橋から見る海','風景','海',34.029891,131.491008),(1137,'西浦','駐車場からのポンポン山','風景','山・森',34.028524,131.492454),(1138,'西浦','山陽自動車道ＳＡの夜景','風景','まちなみ',34.040367,131.510961),(1139,'西浦','大海富士','風景','山・森',34.043467,131.51531),(1136,'西浦','宮土地（金切神社秋祭り）','風景','祭・行事',34.036779,131.51218),(1106,'西浦','ちょうちょの乱舞（季節が限る）','風景','生き物',34.00911,131.519422),(1143,'西浦','エヒメアヤメ','風景','植物・木',34.009898,131.514964),(1144,'西浦','小茅、西園の地蔵様（８８ヶ所）','建造物','仏像',34.013468,131.516662),(1113,'西浦','釣り場が多い','風景','海',34.010383,131.508789),(1094,'西浦','お地蔵さん（供養）','風景','祭・行事',34.036388,131.526884),(1092,'西浦','観音様（供養）','風景','祭・行事',34.034281,131.52583),(1095,'西浦','防府一周駅伝','風景','祭・行事',34.035471,131.525002),(1093,'西浦','お地蔵さん（供養）','風景','祭・行事',34.032711,131.525008),(1325,'西浦','神楽 風鎮神楽 半田神楽','風景','祭・行事',34.02665,131.517195),(1338,'華城','山陽本線　佐波川鉄橋','建造物','橋',34.045239,131.515591),(1339,'華城','大崎橋(昔：渡し舟)','建造物','橋',34.054064,131.536471),(1336,'華城','消防分団機庫　華城小学校','建造物','建物',34.047144,131.545278),(1337,'華城','イチョウ','風景','植物・木',34.040143,131.543601),(1346,'華城','伊佐江八幡宮（穂たれ祭、大当祭、風鎮祭）','風景','祭・行事',34.045142,131.55349),(1377,'華城','佐波川　泥江、大崎の渡し','風景','川',34.048004,131.521073),(1377,'華城','佐波川　泥江、大崎の渡し','風景','川',34.053163,131.53674),(1378,'華城','西植松農村公園','建造物','公園・庭園',34.0422,131.524305),(1366,'華城','お地蔵様（地蔵祭）','風景','祭・行事',34.04416,131.538127),(1367,'華城','紀元節','風景','祭・行事',34.043009,131.537919),(1380,'華城','森静雄生誕地(森鴎外の父）','建造物','石碑・塚',34.042921,131.540464),(1376,'華城','桑山八幡宮(鬼祭り？)','風景','祭・行事',34.047725,131.560223),(1391,'華城','大歳神社　例祭','風景','祭・行事',34.035818,131.553436),(1392,'華城','盆踊り','風景','祭・行事',34.038589,131.556422),(1304,'華城','佐野堤','建造物','河川施設・用水施設',34.054611,131.538962),(1301,'華城','植松八幡宮','建造物','神社',34.051988,131.535914),(1302,'華城','植松八幡宮　湯立神事','風景','祭・行事',34.05174,131.535948),(1305,'華城','佐波川土手　つつじの並木通り','風景','植物・木',34.051105,131.530986),(1307,'華城','佐波川から見える右田方面の眺め','風景','その他',34.050383,131.528697),(1297,'華城','植松大橋(山陽本線)','建造物','橋',34.047118,131.534773),(1303,'華城','(下河内会館)旧郵便局舎','建造物','建物',34.047592,131.539454),(1306,'華城','華城小学校大きな楠木','風景','植物・木',34.04641,131.544476),(1296,'華城','光宗寺','建造物','お寺・お堂',34.040513,131.543459),(1298,'華城','大楽寺跡地(墓石有り)','建造物','石碑・塚',34.044944,131.54386),(1308,'華城','なまず公園','建造物','公園・庭園',34.051099,131.560034),(1112,'西浦','田島山のみかん園','風景','祭・行事',34.020943,131.527517),(1111,'西浦','田島山から見るマツダの工場','建造物','工場・窯',34.022254,131.528454),(1109,'西浦','環状線から見る海、水平線','風景','海',34.008683,131.524319),(600,'牟礼','浮野峠（旧うどん屋）の２号線から見た防府１００万ドルの夜景','風景','まちなみ',34.052802,131.615816),(788,'野島','にょうにょう石','風景','その他',33.943502,131.690065),(794,'野島','オロロン窪地','風景','その他',33.939178,131.692192),(789,'野島','戸倉（メバルが食う）','風景','その他',33.938675,131.700685),(790,'野島','西赤岩','風景','その他',33.941743,131.698965);
/*!40000 ALTER TABLE `bp_poi` ENABLE KEYS */;
UNLOCK TABLES;

--
-- Table structure for table `disney`
--

DROP TABLE IF EXISTS `disney`;
/*!40101 SET @saved_cs_client     = @@character_set_client */;
/*!40101 SET character_set_client = utf8 */;
CREATE TABLE `disney` (
  `year` year(4) DEFAULT NULL,
  `male` float DEFAULT NULL,
  `female` float DEFAULT NULL,
  `over40` float DEFAULT NULL,
  `18to39` float DEFAULT NULL,
  `12to17` float DEFAULT NULL,
  `4to11` float DEFAULT NULL,
  `kanto` float DEFAULT NULL,
  `cyubu_koushinetsu` float DEFAULT NULL,
  `kinki` float DEFAULT NULL,
  `tohoku` float DEFAULT NULL,
  `others_japan` float DEFAULT NULL,
  `overseas` float DEFAULT NULL
) ENGINE=InnoDB DEFAULT CHARSET=utf8;
/*!40101 SET character_set_client = @saved_cs_client */;

--
-- Dumping data for table `disney`
--

LOCK TABLES `disney` WRITE;
/*!40000 ALTER TABLE `disney` DISABLE KEYS */;
INSERT INTO `disney` VALUES (2011,31,69,18.6,51.2,11.9,18.3,70.2,11.2,6.8,4.1,6.4,1.3),(2012,31,69,19.9,49.6,12.6,17.9,67.5,11.1,7.3,4.2,7.3,2.6),(2013,29.8,70.2,21.1,49.5,12.7,16.7,64.6,11.6,7.6,4,8.3,3.9),(2014,30,70,20.4,49.5,13.5,16.6,66.2,11,7,3.8,7,5),(2015,29.5,70.5,20.7,49.6,13.7,16,66.7,10.8,6.3,3.4,6.8,6),(2016,29.7,70.3,20.7,50.1,13.6,15.6,64.7,10.1,6.6,3.2,6.9,8.5),(2017,30.4,69.6,20.1,50.9,13.5,15.5,63.6,10.1,6.5,3.3,6.7,9.8),(2018,27.7,72.3,21.2,50.7,12.9,15.2,60.8,10.8,7.5,3.4,7.9,9.6);
/*!40000 ALTER TABLE `disney` ENABLE KEYS */;
UNLOCK TABLES;

--
-- Table structure for table `j53ref`
--

DROP TABLE IF EXISTS `j53ref`;
/*!40101 SET @saved_cs_client     = @@character_set_client */;
/*!40101 SET character_set_client = utf8 */;
CREATE TABLE `j53ref` (
  `no` int(11) DEFAULT NULL
) ENGINE=InnoDB DEFAULT CHARSET=utf8;
/*!40101 SET character_set_client = @saved_cs_client */;

--
-- Dumping data for table `j53ref`
--

LOCK TABLES `j53ref` WRITE;
/*!40000 ALTER TABLE `j53ref` DISABLE KEYS */;
INSERT INTO `j53ref` VALUES (2),(4);
/*!40000 ALTER TABLE `j53ref` ENABLE KEYS */;
UNLOCK TABLES;

--
-- Table structure for table `jugyou21`
--

DROP TABLE IF EXISTS `jugyou21`;
/*!40101 SET @saved_cs_client     = @@character_set_client */;
/*!40101 SET character_set_client = utf8 */;
CREATE TABLE `jugyou21` (
  `no` int(11) DEFAULT NULL,
  `name` varchar(20) DEFAULT NULL,
  `birthday` date DEFAULT NULL,
  `address` varchar(40) DEFAULT NULL
) ENGINE=InnoDB DEFAULT CHARSET=utf8;
/*!40101 SET character_set_client = @saved_cs_client */;

--
-- Dumping data for table `jugyou21`
--

LOCK TABLES `jugyou21` WRITE;
/*!40000 ALTER TABLE `jugyou21` DISABLE KEYS */;
INSERT INTO `jugyou21` VALUES (1,'早稲田 太郎','1882-10-21','東京都新宿区'),(2,'所沢 花子',NULL,'埼玉県所沢市'),(3,'大隈 重信',NULL,'佐賀県佐賀市');
/*!40000 ALTER TABLE `jugyou21` ENABLE KEYS */;
UNLOCK TABLES;

--
-- Table structure for table `jugyou22`
--

DROP TABLE IF EXISTS `jugyou22`;
/*!40101 SET @saved_cs_client     = @@character_set_client */;
/*!40101 SET character_set_client = utf8 */;
CREATE TABLE `jugyou22` (
  `no` int(2) DEFAULT NULL,
  `a` int(2) DEFAULT NULL,
  `b` int(2) DEFAULT NULL,
  `c` int(2) DEFAULT NULL
) ENGINE=InnoDB DEFAULT CHARSET=utf8;
/*!40101 SET character_set_client = @saved_cs_client */;

--
-- Dumping data for table `jugyou22`
--

LOCK TABLES `jugyou22` WRITE;
/*!40000 ALTER TABLE `jugyou22` DISABLE KEYS */;
INSERT INTO `jugyou22` VALUES (1,1,2,2),(2,2,1,2),(3,3,3,0),(4,0,0,1);
/*!40000 ALTER TABLE `jugyou22` ENABLE KEYS */;
UNLOCK TABLES;

--
-- Table structure for table `jugyou23`
--

DROP TABLE IF EXISTS `jugyou23`;
/*!40101 SET @saved_cs_client     = @@character_set_client */;
/*!40101 SET character_set_client = utf8 */;
CREATE TABLE `jugyou23` (
  `no` int(1) DEFAULT NULL,
  `string` varchar(40) DEFAULT NULL
) ENGINE=InnoDB DEFAULT CHARSET=utf8;
/*!40101 SET character_set_client = @saved_cs_client */;

--
-- Dumping data for table `jugyou23`
--

LOCK TABLES `jugyou23` WRITE;
/*!40000 ALTER TABLE `jugyou23` DISABLE KEYS */;
INSERT INTO `jugyou23` VALUES (1,'アンダースコア _ は任意の1文字を表す'),(2,'パーセント % は0文字以上の任意の文字列を表す'),(3,'It\'s a small world.');
/*!40000 ALTER TABLE `jugyou23` ENABLE KEYS */;
UNLOCK TABLES;

--
-- Table structure for table `jugyou31`
--

DROP TABLE IF EXISTS `jugyou31`;
/*!40101 SET @saved_cs_client     = @@character_set_client */;
/*!40101 SET character_set_client = utf8 */;
CREATE TABLE `jugyou31` (
  `no` int(1) DEFAULT NULL,
  `name` varchar(20) DEFAULT NULL,
  `age` int(2) DEFAULT NULL,
  `age_char` varchar(2) DEFAULT NULL,
  `address` varchar(20) DEFAULT NULL
) ENGINE=InnoDB DEFAULT CHARSET=utf8;
/*!40101 SET character_set_client = @saved_cs_client */;

--
-- Dumping data for table `jugyou31`
--

LOCK TABLES `jugyou31` WRITE;
/*!40000 ALTER TABLE `jugyou31` DISABLE KEYS */;
INSERT INTO `jugyou31` VALUES (1,'田中 太郎',1,'1','とうきょう'),(2,'佐藤 花子',30,'30','あいち'),(3,'石井 二郎',3,'3','かながわ'),(4,'鹿島 道久',15,'15','かごしま'),(5,'大石 佐介',10,'10','かがわ');
/*!40000 ALTER TABLE `jugyou31` ENABLE KEYS */;
UNLOCK TABLES;

--
-- Table structure for table `jugyou32`
--

DROP TABLE IF EXISTS `jugyou32`;
/*!40101 SET @saved_cs_client     = @@character_set_client */;
/*!40101 SET character_set_client = utf8 */;
CREATE TABLE `jugyou32` (
  `name` varchar(20) DEFAULT NULL,
  `team` varchar(20) DEFAULT NULL,
  `score` int(3) DEFAULT NULL
) ENGINE=InnoDB DEFAULT CHARSET=utf8;
/*!40101 SET character_set_client = @saved_cs_client */;

--
-- Dumping data for table `jugyou32`
--

LOCK TABLES `jugyou32` WRITE;
/*!40000 ALTER TABLE `jugyou32` DISABLE KEYS */;
INSERT INTO `jugyou32` VALUES ('田中 太郎','A',50),('佐藤 花子','B',60),('石井 二郎','B',45),('鹿島 道久','A',85),('大石 佐介','B',50);
/*!40000 ALTER TABLE `jugyou32` ENABLE KEYS */;
UNLOCK TABLES;

--
-- Table structure for table `jugyou33`
--

DROP TABLE IF EXISTS `jugyou33`;
/*!40101 SET @saved_cs_client     = @@character_set_client */;
/*!40101 SET character_set_client = utf8 */;
CREATE TABLE `jugyou33` (
  `no` int(1) DEFAULT NULL
) ENGINE=InnoDB DEFAULT CHARSET=utf8;
/*!40101 SET character_set_client = @saved_cs_client */;

--
-- Dumping data for table `jugyou33`
--

LOCK TABLES `jugyou33` WRITE;
/*!40000 ALTER TABLE `jugyou33` DISABLE KEYS */;
INSERT INTO `jugyou33` VALUES (1),(2),(3),(4),(5),(6),(7),(8),(9);
/*!40000 ALTER TABLE `jugyou33` ENABLE KEYS */;
UNLOCK TABLES;

--
-- Table structure for table `jugyou34`
--

DROP TABLE IF EXISTS `jugyou34`;
/*!40101 SET @saved_cs_client     = @@character_set_client */;
/*!40101 SET character_set_client = utf8 */;
CREATE TABLE `jugyou34` (
  `name` varchar(10) DEFAULT NULL,
  `price` int(5) DEFAULT NULL,
  `stock` int(3) DEFAULT NULL,
  `unit` varchar(2) DEFAULT NULL
) ENGINE=InnoDB DEFAULT CHARSET=utf8;
/*!40101 SET character_set_client = @saved_cs_client */;

--
-- Dumping data for table `jugyou34`
--

LOCK TABLES `jugyou34` WRITE;
/*!40000 ALTER TABLE `jugyou34` DISABLE KEYS */;
INSERT INTO `jugyou34` VALUES ('りんご',120,5,'個'),('バナナ',98,10,'房'),('いちご',130,2,'箱');
/*!40000 ALTER TABLE `jugyou34` ENABLE KEYS */;
UNLOCK TABLES;

--
-- Table structure for table `jugyou35`
--

DROP TABLE IF EXISTS `jugyou35`;
/*!40101 SET @saved_cs_client     = @@character_set_client */;
/*!40101 SET character_set_client = utf8 */;
CREATE TABLE `jugyou35` (
  `price` decimal(10,2) DEFAULT NULL
) ENGINE=InnoDB DEFAULT CHARSET=utf8;
/*!40101 SET character_set_client = @saved_cs_client */;

--
-- Dumping data for table `jugyou35`
--

LOCK TABLES `jugyou35` WRITE;
/*!40000 ALTER TABLE `jugyou35` DISABLE KEYS */;
INSERT INTO `jugyou35` VALUES (120.50),(98.00),(130.49);
/*!40000 ALTER TABLE `jugyou35` ENABLE KEYS */;
UNLOCK TABLES;

--
-- Table structure for table `jugyou36`
--

DROP TABLE IF EXISTS `jugyou36`;
/*!40101 SET @saved_cs_client     = @@character_set_client */;
/*!40101 SET character_set_client = utf8 */;
CREATE TABLE `jugyou36` (
  `departure` date DEFAULT NULL,
  `arrival` date DEFAULT NULL
) ENGINE=InnoDB DEFAULT CHARSET=utf8;
/*!40101 SET character_set_client = @saved_cs_client */;

--
-- Dumping data for table `jugyou36`
--

LOCK TABLES `jugyou36` WRITE;
/*!40000 ALTER TABLE `jugyou36` DISABLE KEYS */;
INSERT INTO `jugyou36` VALUES ('2019-04-01','2019-04-07');
/*!40000 ALTER TABLE `jugyou36` ENABLE KEYS */;
UNLOCK TABLES;

--
-- Table structure for table `jugyou37`
--

DROP TABLE IF EXISTS `jugyou37`;
/*!40101 SET @saved_cs_client     = @@character_set_client */;
/*!40101 SET character_set_client = utf8 */;
CREATE TABLE `jugyou37` (
  `val` int(1) DEFAULT NULL
) ENGINE=InnoDB DEFAULT CHARSET=utf8;
/*!40101 SET character_set_client = @saved_cs_client */;

--
-- Dumping data for table `jugyou37`
--

LOCK TABLES `jugyou37` WRITE;
/*!40000 ALTER TABLE `jugyou37` DISABLE KEYS */;
INSERT INTO `jugyou37` VALUES (1),(2),(3),(NULL),(5);
/*!40000 ALTER TABLE `jugyou37` ENABLE KEYS */;
UNLOCK TABLES;

--
-- Table structure for table `jugyou41`
--

DROP TABLE IF EXISTS `jugyou41`;
/*!40101 SET @saved_cs_client     = @@character_set_client */;
/*!40101 SET character_set_client = utf8 */;
CREATE TABLE `jugyou41` (
  `no` int(11) NOT NULL,
  `name` varchar(30) DEFAULT NULL,
  `birthday` date DEFAULT NULL
) ENGINE=InnoDB DEFAULT CHARSET=utf8;
/*!40101 SET character_set_client = @saved_cs_client */;

--
-- Dumping data for table `jugyou41`
--

LOCK TABLES `jugyou41` WRITE;
/*!40000 ALTER TABLE `jugyou41` DISABLE KEYS */;
/*!40000 ALTER TABLE `jugyou41` ENABLE KEYS */;
UNLOCK TABLES;

--
-- Table structure for table `jugyou42`
--

DROP TABLE IF EXISTS `jugyou42`;
/*!40101 SET @saved_cs_client     = @@character_set_client */;
/*!40101 SET character_set_client = utf8 */;
CREATE TABLE `jugyou42` (
  `no` int(2) NOT NULL,
  `price` int(8) DEFAULT '0'
) ENGINE=InnoDB DEFAULT CHARSET=utf8;
/*!40101 SET character_set_client = @saved_cs_client */;

--
-- Dumping data for table `jugyou42`
--

LOCK TABLES `jugyou42` WRITE;
/*!40000 ALTER TABLE `jugyou42` DISABLE KEYS */;
/*!40000 ALTER TABLE `jugyou42` ENABLE KEYS */;
UNLOCK TABLES;

--
-- Table structure for table `jugyou43`
--

DROP TABLE IF EXISTS `jugyou43`;
/*!40101 SET @saved_cs_client     = @@character_set_client */;
/*!40101 SET character_set_client = utf8 */;
CREATE TABLE `jugyou43` (
  `ts` date DEFAULT NULL,
  `temperature` float DEFAULT NULL
) ENGINE=InnoDB DEFAULT CHARSET=utf8;
/*!40101 SET character_set_client = @saved_cs_client */;

--
-- Dumping data for table `jugyou43`
--

LOCK TABLES `jugyou43` WRITE;
/*!40000 ALTER TABLE `jugyou43` DISABLE KEYS */;
INSERT INTO `jugyou43` VALUES ('2019-04-05',25),('2019-04-04',23),('2019-04-03',19),('2019-04-02',26),('2019-04-01',23);
/*!40000 ALTER TABLE `jugyou43` ENABLE KEYS */;
UNLOCK TABLES;

--
-- Table structure for table `jugyou44`
--

DROP TABLE IF EXISTS `jugyou44`;
/*!40101 SET @saved_cs_client     = @@character_set_client */;
/*!40101 SET character_set_client = utf8 */;
CREATE TABLE `jugyou44` (
  `no` int(1) DEFAULT NULL,
  `a` int(6) DEFAULT NULL,
  `b` int(6) DEFAULT NULL
) ENGINE=InnoDB DEFAULT CHARSET=utf8;
/*!40101 SET character_set_client = @saved_cs_client */;

--
-- Dumping data for table `jugyou44`
--

LOCK TABLES `jugyou44` WRITE;
/*!40000 ALTER TABLE `jugyou44` DISABLE KEYS */;
INSERT INTO `jugyou44` VALUES (0,10,NULL),(1,10,NULL),(2,10,NULL);
/*!40000 ALTER TABLE `jugyou44` ENABLE KEYS */;
UNLOCK TABLES;

--
-- Table structure for table `jugyou51`
--

DROP TABLE IF EXISTS `jugyou51`;
/*!40101 SET @saved_cs_client     = @@character_set_client */;
/*!40101 SET character_set_client = utf8 */;
CREATE TABLE `jugyou51` (
  `no` int(3) DEFAULT NULL,
  `name` varchar(5) DEFAULT NULL,
  `stock` int(3) DEFAULT NULL
) ENGINE=InnoDB DEFAULT CHARSET=utf8;
/*!40101 SET character_set_client = @saved_cs_client */;

--
-- Dumping data for table `jugyou51`
--

LOCK TABLES `jugyou51` WRITE;
/*!40000 ALTER TABLE `jugyou51` DISABLE KEYS */;
INSERT INTO `jugyou51` VALUES (1,'A',10),(2,'B',8),(3,'A',60),(4,'A',15),(5,'C',1),(6,'D',6),(7,'C',4),(8,'A',10),(9,NULL,NULL);
/*!40000 ALTER TABLE `jugyou51` ENABLE KEYS */;
UNLOCK TABLES;

--
-- Table structure for table `jugyou52`
--

DROP TABLE IF EXISTS `jugyou52`;
/*!40101 SET @saved_cs_client     = @@character_set_client */;
/*!40101 SET character_set_client = utf8 */;
CREATE TABLE `jugyou52` (
  `no` int(2) DEFAULT NULL,
  `name` varchar(5) DEFAULT NULL
) ENGINE=InnoDB DEFAULT CHARSET=utf8;
/*!40101 SET character_set_client = @saved_cs_client */;

--
-- Dumping data for table `jugyou52`
--

LOCK TABLES `jugyou52` WRITE;
/*!40000 ALTER TABLE `jugyou52` DISABLE KEYS */;
INSERT INTO `jugyou52` VALUES (1,'A'),(2,'B'),(3,'A'),(4,'A');
/*!40000 ALTER TABLE `jugyou52` ENABLE KEYS */;
UNLOCK TABLES;

--
-- Table structure for table `jugyou53`
--

DROP TABLE IF EXISTS `jugyou53`;
/*!40101 SET @saved_cs_client     = @@character_set_client */;
/*!40101 SET character_set_client = utf8 */;
CREATE TABLE `jugyou53` (
  `no` int(11) DEFAULT NULL,
  `a` varchar(20) DEFAULT NULL
) ENGINE=InnoDB DEFAULT CHARSET=utf8;
/*!40101 SET character_set_client = @saved_cs_client */;

--
-- Dumping data for table `jugyou53`
--

LOCK TABLES `jugyou53` WRITE;
/*!40000 ALTER TABLE `jugyou53` DISABLE KEYS */;
INSERT INTO `jugyou53` VALUES (1,NULL),(2,NULL),(3,NULL),(4,NULL),(5,NULL);
/*!40000 ALTER TABLE `jugyou53` ENABLE KEYS */;
UNLOCK TABLES;

--
-- Table structure for table `jugyou64`
--

DROP TABLE IF EXISTS `jugyou64`;
/*!40101 SET @saved_cs_client     = @@character_set_client */;
/*!40101 SET character_set_client = utf8 */;
CREATE TABLE `jugyou64` (
  `id` int(3) DEFAULT NULL,
  `v` varchar(10) DEFAULT NULL
) ENGINE=InnoDB DEFAULT CHARSET=utf8;
/*!40101 SET character_set_client = @saved_cs_client */;

--
-- Dumping data for table `jugyou64`
--

LOCK TABLES `jugyou64` WRITE;
/*!40000 ALTER TABLE `jugyou64` DISABLE KEYS */;
INSERT INTO `jugyou64` VALUES (1,'Apple'),(2,'Orange'),(3,'Strawberry');
/*!40000 ALTER TABLE `jugyou64` ENABLE KEYS */;
UNLOCK TABLES;

--
-- Table structure for table `jugyou71a`
--

DROP TABLE IF EXISTS `jugyou71a`;
/*!40101 SET @saved_cs_client     = @@character_set_client */;
/*!40101 SET character_set_client = utf8 */;
CREATE TABLE `jugyou71a` (
  `a` int(1) DEFAULT NULL
) ENGINE=InnoDB DEFAULT CHARSET=utf8;
/*!40101 SET character_set_client = @saved_cs_client */;

--
-- Dumping data for table `jugyou71a`
--

LOCK TABLES `jugyou71a` WRITE;
/*!40000 ALTER TABLE `jugyou71a` DISABLE KEYS */;
INSERT INTO `jugyou71a` VALUES (1),(3),(7),(9);
/*!40000 ALTER TABLE `jugyou71a` ENABLE KEYS */;
UNLOCK TABLES;

--
-- Table structure for table `jugyou71b`
--

DROP TABLE IF EXISTS `jugyou71b`;
/*!40101 SET @saved_cs_client     = @@character_set_client */;
/*!40101 SET character_set_client = utf8 */;
CREATE TABLE `jugyou71b` (
  `b` int(1) DEFAULT NULL
) ENGINE=InnoDB DEFAULT CHARSET=utf8;
/*!40101 SET character_set_client = @saved_cs_client */;

--
-- Dumping data for table `jugyou71b`
--

LOCK TABLES `jugyou71b` WRITE;
/*!40000 ALTER TABLE `jugyou71b` DISABLE KEYS */;
INSERT INTO `jugyou71b` VALUES (2),(3),(4),(5);
/*!40000 ALTER TABLE `jugyou71b` ENABLE KEYS */;
UNLOCK TABLES;

--
-- Table structure for table `jugyou72s`
--

DROP TABLE IF EXISTS `jugyou72s`;
/*!40101 SET @saved_cs_client     = @@character_set_client */;
/*!40101 SET character_set_client = utf8 */;
CREATE TABLE `jugyou72s` (
  `code` int(4) NOT NULL,
  `name` varchar(10) DEFAULT NULL,
  `price` int(4) DEFAULT NULL,
  PRIMARY KEY (`code`)
) ENGINE=InnoDB DEFAULT CHARSET=utf8;
/*!40101 SET character_set_client = @saved_cs_client */;

--
-- Dumping data for table `jugyou72s`
--

LOCK TABLES `jugyou72s` WRITE;
/*!40000 ALTER TABLE `jugyou72s` DISABLE KEYS */;
INSERT INTO `jugyou72s` VALUES (1,'フライパン',700),(2,'鍋',500),(3,'洗濯バサミ',100);
/*!40000 ALTER TABLE `jugyou72s` ENABLE KEYS */;
UNLOCK TABLES;

--
-- Table structure for table `jugyou72z`
--

DROP TABLE IF EXISTS `jugyou72z`;
/*!40101 SET @saved_cs_client     = @@character_set_client */;
/*!40101 SET character_set_client = utf8 */;
CREATE TABLE `jugyou72z` (
  `code` int(4) NOT NULL,
  `stock` int(4) DEFAULT NULL,
  PRIMARY KEY (`code`)
) ENGINE=InnoDB DEFAULT CHARSET=utf8;
/*!40101 SET character_set_client = @saved_cs_client */;

--
-- Dumping data for table `jugyou72z`
--

LOCK TABLES `jugyou72z` WRITE;
/*!40000 ALTER TABLE `jugyou72z` DISABLE KEYS */;
INSERT INTO `jugyou72z` VALUES (1,50),(2,10),(3,200);
/*!40000 ALTER TABLE `jugyou72z` ENABLE KEYS */;
UNLOCK TABLES;

--
-- Table structure for table `jugyou73m`
--

DROP TABLE IF EXISTS `jugyou73m`;
/*!40101 SET @saved_cs_client     = @@character_set_client */;
/*!40101 SET character_set_client = utf8 */;
CREATE TABLE `jugyou73m` (
  `mcode` varchar(4) NOT NULL,
  `mname` varchar(10) DEFAULT NULL,
  PRIMARY KEY (`mcode`)
) ENGINE=InnoDB DEFAULT CHARSET=utf8;
/*!40101 SET character_set_client = @saved_cs_client */;

--
-- Dumping data for table `jugyou73m`
--

LOCK TABLES `jugyou73m` WRITE;
/*!40000 ALTER TABLE `jugyou73m` DISABLE KEYS */;
INSERT INTO `jugyou73m` VALUES ('M1','調理具メーカー'),('M2','洗濯用品メーカー');
/*!40000 ALTER TABLE `jugyou73m` ENABLE KEYS */;
UNLOCK TABLES;

--
-- Table structure for table `jugyou73s`
--

DROP TABLE IF EXISTS `jugyou73s`;
/*!40101 SET @saved_cs_client     = @@character_set_client */;
/*!40101 SET character_set_client = utf8 */;
CREATE TABLE `jugyou73s` (
  `code` int(4) NOT NULL,
  `name` varchar(10) DEFAULT NULL,
  `price` int(4) DEFAULT NULL,
  `mcode` varchar(4) DEFAULT NULL,
  PRIMARY KEY (`code`)
) ENGINE=InnoDB DEFAULT CHARSET=utf8;
/*!40101 SET character_set_client = @saved_cs_client */;

--
-- Dumping data for table `jugyou73s`
--

LOCK TABLES `jugyou73s` WRITE;
/*!40000 ALTER TABLE `jugyou73s` DISABLE KEYS */;
INSERT INTO `jugyou73s` VALUES (1,'フライパン',700,'M1'),(2,'鍋',500,'M1'),(3,'洗濯バサミ',100,'M2');
/*!40000 ALTER TABLE `jugyou73s` ENABLE KEYS */;
UNLOCK TABLES;

--
-- Table structure for table `jugyou74s`
--

DROP TABLE IF EXISTS `jugyou74s`;
/*!40101 SET @saved_cs_client     = @@character_set_client */;
/*!40101 SET character_set_client = utf8 */;
CREATE TABLE `jugyou74s` (
  `code` int(4) NOT NULL,
  `name` varchar(10) DEFAULT NULL,
  `price` int(4) DEFAULT NULL,
  PRIMARY KEY (`code`)
) ENGINE=InnoDB DEFAULT CHARSET=utf8;
/*!40101 SET character_set_client = @saved_cs_client */;

--
-- Dumping data for table `jugyou74s`
--

LOCK TABLES `jugyou74s` WRITE;
/*!40000 ALTER TABLE `jugyou74s` DISABLE KEYS */;
INSERT INTO `jugyou74s` VALUES (1,'フライパン',700),(2,'鍋',500),(3,'洗濯バサミ',100),(4,'包丁',800);
/*!40000 ALTER TABLE `jugyou74s` ENABLE KEYS */;
UNLOCK TABLES;

--
-- Table structure for table `pi200`
--

DROP TABLE IF EXISTS `pi200`;
/*!40101 SET @saved_cs_client     = @@character_set_client */;
/*!40101 SET character_set_client = utf8 */;
CREATE TABLE `pi200` (
  `no` int(4) DEFAULT NULL,
  `name` varchar(8) DEFAULT NULL,
  `furigana` varchar(20) DEFAULT NULL,
  `name_eng` varchar(20) DEFAULT NULL,
  `gender` varchar(2) DEFAULT NULL,
  `tel` varchar(13) DEFAULT NULL,
  `cellphone` varchar(14) DEFAULT NULL,
  `zip` varchar(9) DEFAULT NULL,
  `addr1` varchar(5) DEFAULT NULL,
  `addr2` varchar(10) DEFAULT NULL,
  `addr3` varchar(10) DEFAULT NULL,
  `addr4` varchar(10) DEFAULT NULL,
  `addr5` varchar(16) DEFAULT NULL,
  `birthday` date DEFAULT NULL,
  `birthplace` varchar(5) DEFAULT NULL,
  `blood` varchar(3) DEFAULT NULL
) ENGINE=InnoDB DEFAULT CHARSET=utf8;
/*!40101 SET character_set_client = @saved_cs_client */;

--
-- Dumping data for table `pi200`
--

LOCK TABLES `pi200` WRITE;
/*!40000 ALTER TABLE `pi200` DISABLE KEYS */;
INSERT INTO `pi200` VALUES (1,'小室 凜','コムロ リン','Komuro Rin','女','088-800-4348','080-5277-1900','781-6451','高知県','安芸郡北川村','小島','2-15',NULL,'1967-08-14','山形県','B'),(2,'奥 琴子','オク コトコ','Oku Kotoko','女','076-343-8833','080-1346-1987','922-0027','石川県','加賀市','大聖寺耳聞山町','4-7',NULL,'1956-03-05','徳島県','A'),(3,'松野 幸恵','マツノ ユキエ','Matsuno Yukie','女','046-727-3397','090-9023-7728','220-0002','神奈川県','横浜市西区','南軽井沢','1-16-3',NULL,'1997-04-03','埼玉県','AB'),(4,'神谷 芳美','カミヤ ヨシミ','Kamiya Yoshimi','女','097-701-0917','090-1280-7041','870-0813','大分県','大分市','王子山の手町','4-10',NULL,'1975-10-31','奈良県','O'),(5,'佐久間 礼子','サクマ レイコ','Sakuma Reiko','女','073-877-6128','080-2519-1383','646-0044','和歌山県','田辺市','福路町','1-9-1','ロイヤル福路町311','1952-10-09','秋田県','B'),(6,'大河原 葉子','オオガワラ ヨウコ','Oogawara Youko','女','055-970-7661','080-2959-6901','408-0103','山梨県','北杜市','須玉町江草','1-19-5','ステーション須玉町江草201','1963-12-23','愛媛県','A'),(7,'大貫 孝子','オオヌキ タカコ','Oonuki Takako','女','0282-70-5627','080-9395-5005','321-4107','栃木県','芳賀郡益子町','七井中央','3-19-16',NULL,'1979-07-09','東京都','B'),(8,'大高 詩音','オオダカ シオン','Oodaka Shion','女','084-91-0065','080-8528-7194','739-0615','広島県','大竹市','元町','3-1-6','元町庵303','1958-05-24','新潟県','O'),(9,'江川 菜央','エガワ ナオ','Egawa Nao','女','0536-61-7953','090-8735-0392','454-0824','愛知県','名古屋市中川区','蔦元町','1-10-9','蔦元町荘304','1997-10-01','愛媛県','A'),(10,'松岡 紗菜','マツオカ サナ','Matsuoka Sana','女','045-026-2293','080-5248-9718','238-0223','神奈川県','三浦市','原町','2-13',NULL,'1964-06-17','石川県','A'),(11,'高村 日向子','タカムラ ヒナコ','Takamura Hinako','女','098-771-2254','090-9426-1281','903-0822','沖縄県','那覇市','首里桃原町','3-6','首里桃原町コンフォート116','1971-06-09','山形県','B'),(12,'板垣 穰','イタガキ ユタカ','Itagaki Yutaka','男','076-685-0559','080-3246-7405','937-0833','富山県','魚津市','小菅沼','4-2-18','小菅沼マンション301','1976-01-03','愛知県','AB'),(13,'岡本 昭雄','オカモト アキオ','Okamoto Akio','男','0746-52-3963','090-4567-5893','636-0902','奈良県','生駒郡平群町','白石畑','2-15','ステーション白石畑314','1995-12-30','栃木県','A'),(14,'野口 怜奈','ノグチ レイナ','Noguchi Reina','女','0859-42-2375','090-7991-0779','680-0822','鳥取県','鳥取市','今町','1-7','リバーサイド今町306','1963-09-13','福岡県','A'),(15,'山口 七海','ヤマグチ ナナミ','Yamaguchi Nanami','女','0287-60-4479','090-5895-9702','327-0046','栃木県','佐野市','村上町','3-1',NULL,'1978-10-29','福岡県','A'),(16,'新川 光代','シンカワ ミツヨ','Shinkawa Mitsuyo','男','0193-8-6024','090-3909-4046','027-0424','岩手県','下閉伊郡岩泉町','袰野','1-14-16',NULL,'1996-12-15','長崎県','AB'),(17,'尾形 正昭','オガタ マサアキ','Ogata Masaaki','男','023-527-1009','080-6982-3256','999-8203','山形県','酒田市','赤剥','2-3',NULL,'1965-04-22','福岡県','O'),(18,'岩城 雅紹','イワキ マサツグ','Iwaki Masatsugu','男','087-668-1935','080-1661-3396','761-4423','香川県','小豆郡小豆島町','堀越','4-20-9','メゾン堀越218','1974-02-21','兵庫県','B'),(19,'坂 優羽','バン ユウ','Ban Yuu','女','0740-73-1364','080-5163-6948','520-0042','滋賀県','大津市','島の関','2-18-10',NULL,'1957-04-19','埼玉県','A'),(20,'鹿島 澄江','カシマ スミエ','Kashima Sumie','女','0986-94-6100','090-1255-5296','891-2314','鹿児島県','鹿屋市','船間町','3-15','船間町メゾン400','1989-06-27','大分県','O'),(21,'稲垣 雅人','イナガキ マサト','Inagaki Masato','男','0279-96-9204','090-5057-2157','370-2611','群馬県','甘楽郡下仁田町','青倉','2-9-18','ザ青倉114','1984-10-21','三重県','B'),(22,'渡邊 真由','ワタナベ マユ','Watanabe Mayu','女','076-747-3424','080-7396-1582','939-1735','富山県','南砺市','神宮寺','2-17-6','リバーサイド神宮寺217','1980-12-09','新潟県','O'),(23,'塩沢 利子','シオザワ トシコ','Shiozawa Toshiko','女','0779-14-4024','080-8481-7343','910-0813','福井県','福井市','中新田町','3-20','中新田町マンション115','1981-10-08','神奈川県','O'),(24,'下村 信一','シモムラ シンイチ','Shimomura Shinichi','男','0163-6-1364','080-3111-2695','061-3243','北海道','石狩市','新港東','4-16-4','新港東庵314','1981-09-17','宮城県','B'),(25,'大倉 鈴','オオクラ リン','Ookura Rin','女','0854-92-7832','080-5832-2194','697-0001','島根県','浜田市','外ノ浦町','2-17-13',NULL,'1951-06-26','和歌山県','A'),(26,'桑原 治夫','クハバラ ハルオ','Kuhabara Haruo','男','0853-02-4216',NULL,'696-0406','島根県','邑智郡邑南町','高見','2-3-17','高見レジデンス109','1953-02-08','鹿児島県','A'),(27,'高野 夏唯人','タカノ カイト','Takano Kaito','男','017-494-4484','090-1300-4260','039-4116','青森県','上北郡横浜町','中畑','1-20-16',NULL,'1962-02-17','山形県','A'),(28,'白井 夏鈴','シライ カリン','Shirai Karin','女','0969-62-2872','080-5263-5180','861-3545','熊本県','上益城郡山都町','長田','1-12-3',NULL,'1978-11-17','青森県','A'),(29,'河田 知世','カワダ トモヨ','Kawada Tomoyo','女','0296-23-2522','090-8465-8611','311-3506','茨城県','行方市','八木蒔','3-10-8','八木蒔スイート319','1997-03-11','大阪府','A'),(30,'鳥居 賢明','トリイ タテアキ','Torii Tateaki','男','0595-69-0547','080-7516-5615','512-1102','三重県','四日市市','小山町','2-9-4',NULL,'1988-09-30','福井県','O'),(31,'本郷 仁継','ホンゴウ マサツグ','Hongou Masatsugu','男','023-518-4451','090-5217-5511','999-6103','山形県','最上郡最上町','黒澤','4-2-14',NULL,'1966-04-24','長野県','B'),(32,'皆川 惟史','ミナガワ タダシ','Minagawa Tadashi','男','078-433-3183','080-3032-8753','652-0833','兵庫県','神戸市兵庫区','島上町','3-6-20',NULL,'1959-11-05','大阪府','A'),(33,'南 雪絵','ミナミ ユキエ','Minami Yukie','女','083-690-4952','080-7945-9903','742-0009','山口県','柳井市','新市','2-6-5',NULL,'1973-09-25','大分県','A'),(34,'多田 達志','オオタ タツシ','Oota Tatsushi','男','022-144-3201','090-7772-6428','987-0402','宮城県','登米市','南方町待井','4-15',NULL,'1960-04-16','熊本県','A'),(35,'柏木 彦太郎','カシワギ ヒコタロウ','Kashiwagi Hikotarou','男','011-415-9705','090-1212-5414','049-1104','北海道','上磯郡知内町','涌元','1-12','涌元荘201','1981-03-15','沖縄県','B'),(36,'西谷 喜代治','ニシタニ キヨジ','Nishitani Kiyoji','男','0747-68-8748','090-7415-0089','636-0916','奈良県','生駒郡平群町','若井','1-17',NULL,'1956-11-08','神奈川県','O'),(37,'足立 比呂志','アダチ ヒロシ','Adachi Hiroshi','男','077-358-9235','080-8964-9161','602-8038','京都府','京都市上京区','東魚屋町','1-13-8',NULL,'1987-05-09','京都府','A'),(38,'金子 春子','カネコ ハルコ','Kaneko Haruko','女','017-251-9690','080-8660-9484','036-0163','青森県','平川市','苗生松一本柳','1-18-10',NULL,'1986-01-29','秋田県','A'),(39,'鹿野 健三郎','カノ ケンザブロウ','Kano Kenzaburou','男','017-891-8938','090-4013-1664','037-0023','青森県','五所川原市','広田','4-10-11',NULL,'1962-12-21','群馬県','A'),(40,'山村 留吉','ヤマムラ トメキチ','Yamamura Tomekichi','男','059-641-2140','090-3929-8297','519-1413','三重県','伊賀市','愛田','2-7-19','愛田ゴールデン413','1961-09-30','香川県','O'),(41,'持田 心春','モチダ コハル','Mochida Koharu','女','0779-35-6722','080-1518-3873','914-0843','福井県','敦賀市','浦底','3-10',NULL,'1979-07-14','栃木県','O'),(42,'岡崎 広司','オカザキ ヒロシ','Okazaki Hiroshi','男','077-164-1704','090-6300-5137','614-8046','京都府','八幡市','八幡砂田','2-16-19',NULL,'1981-02-25','福岡県','O'),(43,'柴崎 利忠','シバザキ トシタダ','Shibazaki Toshitada','男','096-556-2122','080-3862-1069','861-1308','熊本県','菊池市','亘','3-17-15','プレイス亘105','1961-12-23','岩手県','B'),(44,'齋藤 栞奈','サイトウ カンナ','Saitou Kamna','女','0834-46-0979','090-7059-8606','751-0811','山口県','下関市','藤ケ谷町','2-20-18',NULL,'1980-10-22','宮城県','A'),(45,'藤巻 富男','フジマキ トミオ','Fujimaki Tomio','男','095-328-5777','090-6536-6669','852-8131','長崎県','長崎市','文教町','3-10-18','文教町パレス208','1992-07-11','香川県','B'),(46,'島田 舞衣','シマダ マイ','Shimada Mai','女','0551-08-3421','090-6026-2717','409-2725','山梨県','南巨摩郡早川町','小縄','1-19-19','小縄ヴィレッジ311','1990-04-16','和歌山県','O'),(47,'中井 優希','ナカイ ユウキ','Nakai Yuuki','女','017-971-3658','080-2787-8553','038-3803','青森県','南津軽郡藤崎町','西豊田','4-6-16','西豊田コート404','1954-10-22','広島県','O'),(48,'藤崎 光正','フジザキ ミツマサ','Fujizaki Mitsumasa','男','0956-75-6445','080-8310-6834','851-0125','長崎県','長崎市','潮見町','2-9-10','潮見町ドリーム310','1960-11-16','埼玉県','AB'),(49,'宮坂 孝三','ミヤサカ コウゾウ','Miyasaka Kouzou','男','0745-5-6438',NULL,'639-3802','奈良県','吉野郡下北山村','浦向','3-19-11','浦向シティ313','1951-06-16','青森県','A'),(50,'福沢 豊子','フクザワ トヨコ','Fukuzawa Toyoko','女','088-289-8039','090-7345-7988','779-3407','徳島県','吉野川市','山川町赤岩','3-11-7','山川町赤岩ロイヤルパレス111','1973-07-13','兵庫県','AB'),(51,'磯崎 栄一郎','イソザキ エイイチロウ','Isozaki Eiichirou','男','0581-48-2055','090-3933-5453','501-6122','岐阜県','岐阜市','柳津町高桑東','2-15-18',NULL,'1987-10-27','青森県','B'),(52,'中 厚吉','ナカ コウキチ','Naka Koukichi','男','0564-7-8921','090-3965-6007','444-0234','愛知県','岡崎市','安藤町','1-19-5',NULL,'1964-01-11','奈良県','O'),(53,'内田 菜穂','ウチダ ナホ','Uchida Naho','女','03-9930-1738','080-3374-5387','130-0021','東京都','墨田区','緑','2-18-10','緑荘307','1955-01-29','神奈川県','AB'),(54,'安部 彩菜','アベ アヤナ','Abe Ayana','女','019-361-0227','080-2231-7056','029-4208','岩手県','奥州市','前沢新町','1-11',NULL,'1983-07-17','奈良県','B'),(55,'小沼 秀明','オヌマ ヒデアキ','Onuma Hideaki','男','0761-41-8256',NULL,'920-2375','石川県','白山市','上野町','3-9',NULL,'1952-01-06','滋賀県','O'),(56,'大和 毅雄','ダイワ タケオ','Daiwa Takeo','男','0197-86-5059','080-5335-7921','025-0025','岩手県','花巻市','下根子','4-18-17','下根子ハイツ301','1989-04-30','兵庫県','B'),(57,'榊原 宏寿','サカキバラ ヒロトシ','Sakakibara Hirotoshi','男','076-412-0464','090-5953-0640','921-8023','石川県','金沢市','千日町','1-4',NULL,'1995-12-10','大阪府','O'),(58,'浜口 理','ハマグチ サトル','Hamaguchi Satoru','男','017-622-2749','090-2046-2585','036-8181','青森県','弘前市','山道町','3-8-2','山道町マンション103','1986-09-14','福井県','B'),(59,'宮本 亜子','ミヤモト アコ','Miyamoto Ako','女','096-544-8354','090-6474-7817','865-0041','熊本県','玉名市','伊倉北方','3-4-8','伊倉北方ハイツ208','1997-03-11','埼玉県','AB'),(60,'井口 雅夫','イグチ マサオ','Iguchi Masao','男','0243-12-8137','090-2104-5321','963-6113','福島県','東白川郡棚倉町','板橋','1-2-3','板橋アパート203','1975-04-15','長野県','A'),(61,'米沢 七海','ヨネザワ ナナミ','Yonezawa Nanami','女','04-4088-4568','080-5520-1465','289-2156','千葉県','匝瑳市','長岡','2-12-9','パーク長岡210','1969-11-30','沖縄県','B'),(62,'福本 友一','フクモト トモカズ','Fukumoto Tomokazu','男','028-471-7418','080-5662-6091','320-0052','栃木県','宇都宮市','中戸祭町','1-8-1',NULL,'1987-08-30','島根県','A'),(63,'畑中 真優','ハタナカ マユ','Hatanaka Mayu','女','018-156-1308','080-4110-0655','018-2635','秋田県','山本郡八峰町','八森下嘉治助台','1-1-19','シティ八森下嘉治助台219','1994-06-23','茨城県','A'),(64,'渡辺 貞雄','ワタナベ サダオ','Watanabe Sadao','男','0740-3-9781','080-6768-7404','520-3431','滋賀県','甲賀市','甲賀町大原中','1-16-4','甲賀町大原中の杜403','1994-02-01','山形県','O'),(65,'土谷 孝','ツチヤ タカシ','Tsuchiya Takashi','男','089-912-3777','080-9956-8354','792-0024','愛媛県','新居浜市','宮西町','1-17-11','宮西町庵412','1960-01-02','京都府','A'),(66,'滝川 美玖','タキガワ ミク','Takigawa Miku','女','086-702-7690','080-9865-8341','709-2117','岡山県','岡山市北区','御津野々口','1-18-11',NULL,'1968-04-03','山梨県','B'),(67,'有田 晴','アリタ ハル','Arita Haru','女','0848-92-3959','090-1687-2636','722-1564','広島県','尾道市','御調町今田','3-2-17','ガーデン御調町今田116','1992-11-08','青森県','A'),(68,'北山 日奈','キタヤマ ヒナ','Kitayama Hina','女','0467-92-1034','080-2893-6948','230-0033','神奈川県','横浜市鶴見区','朝日町','4-14-18',NULL,'1997-05-11','熊本県','B'),(69,'金子 栄美','カネコ エミ','Kaneko Emi','女','0973-92-4225','080-5914-8110','871-0026','大分県','中津市','高瀬','3-18-9',NULL,'1989-01-06','栃木県','AB'),(70,'大川 萌花','オオカワ モエカ','Ookawa Moeka','女','079-3-9277','080-4007-4484','662-0091','兵庫県','西宮市','北山町','4-17-1','ザ北山町309','1985-12-08','鹿児島県','A'),(71,'西 徹','ニシ トオル','Nishi Tooru','男','083-153-0322','090-5027-6875','752-0979','山口県','下関市','長府川端','1-2-13',NULL,'1959-09-03','京都府','A'),(72,'武内 貴美','タケウチ キミ','Takeuchi Kimi','女','0749-48-2776','080-4636-8939','520-0033','滋賀県','大津市','大門通','1-13-20',NULL,'1964-09-15','秋田県','B'),(73,'小畑 喜久治','オバタ キクジ','Obata Kikuji','男','088-783-6904','090-2736-5539','786-0531','高知県','高岡郡四万十町','小野','4-7-1',NULL,'1988-06-01','岡山県','O'),(74,'高畑 香苗','タカハタ カナエ','Takahata Kanae','女','0558-96-2195','080-6590-9435','420-0858','静岡県','静岡市葵区','伝馬町','4-18-15',NULL,'1981-05-13','東京都','B'),(75,'桑原 幸征','クハバラ コウセイ','Kuhabara Kousei','男','04-2601-3037','080-7085-2243','299-4505','千葉県','いすみ市','岬町岩熊','4-4',NULL,'1997-04-28','島根県','B'),(76,'二宮 春吉','ニノミヤ ハルキチ','Ninomiya Harukichi','男','093-287-8168','090-7913-6585','834-0052','福岡県','八女市','新庄','2-5-1','新庄庵110','1955-03-05','滋賀県','O'),(77,'楠 章夫','クスノキ アキオ','Kusunoki Akio','男','059-271-0259','090-6447-6156','518-0631','三重県','名張市','桔梗が丘南１番町','4-8',NULL,'1983-08-03','三重県','B'),(78,'沼田 常夫','ヌマタ ツネオ','Numata Tsuneo','男','084-077-1734','080-3814-4540','731-0521','広島県','安芸高田市','吉田町常友','1-8',NULL,'1981-11-28','滋賀県','A'),(79,'稲田 小晴','イナダ コハル','Inada Koharu','女','076-294-3645','080-6179-4141','930-0404','富山県','中新川郡上市町','三杉町','3-13-10','三杉町シーサイド206','1962-04-13','福島県','O'),(80,'冨永 義雄','トミナガ ヨシオ','Tominaga Yoshio','男','095-234-8992','090-3363-4434','851-2101','長崎県','西彼杵郡時津町','西時津郷','2-20-19','ロイヤル西時津郷302','1970-07-07','福島県','O'),(81,'真鍋 愛奈','マナベ アイナ','Manabe Aina','女','023-000-5316','080-7825-8758','998-0875','山形県','酒田市','東町','3-16-20','東町ドリーム303','1955-06-28','秋田県','A'),(82,'井口 香織','イグチ カオリ','Iguchi Kaori','女','086-657-8022',NULL,'709-4315','岡山県','勝田郡勝央町','畑屋','2-15-2',NULL,'1953-03-31','石川県','A'),(83,'垣内 正浩','カキウチ マサヒロ','Kakiuchi Masahiro','男','084-253-6361','080-8953-4157','729-3414','広島県','府中市','上下町佐倉','2-11-5',NULL,'1957-04-09','埼玉県','O'),(84,'依田 一華','イダ イチカ','Ida Ichika','女','08387-8-3495','080-2775-4203','745-0856','山口県','周南市','浦山','1-5-14','浦山コーポ204','1956-05-14','長崎県','O'),(85,'岡島 結月','オカジマ ユヅキ','Okajima Yuzuki','女','0735-31-5215','080-7292-9870','640-0412','和歌山県','紀の川市','貴志川町上野山','2-4','貴志川町上野山マンション419','1980-10-17','兵庫県','O'),(86,'有田 勝巳','アリタ カツミ','Arita Katsumi','男','027-056-6159','090-2716-0017','370-3571','群馬県','前橋市','池端町','2-16-9',NULL,'1958-02-21','東京都','O'),(87,'小沢 衣緒莉','オザワ イオリ','Ozawa Iori','女','0855-14-7574','080-7069-7073','698-0206','島根県','益田市','美都町久原','2-1-5',NULL,'1992-10-01','大阪府','A'),(88,'大和 奈月','ダイワ ナツキ','Daiwa Natsuki','女','054-084-3849','090-3577-6276','427-0028','静岡県','島田市','栄町','3-4-6',NULL,'1985-08-10','千葉県','O'),(89,'秋山 真一','アキヤマ シンイチ','Akiyama Shinichi','男','086-162-9329',NULL,'709-0851','岡山県','岡山市東区','瀬戸町大内','4-4',NULL,'1956-11-02','京都府','AB'),(90,'渡部 忠司','ワタナベ タダシ','Watanabe Tadashi','男','019-290-1757','090-3746-7324','025-0137','岩手県','花巻市','尻平川','3-9-5',NULL,'1960-12-20','佐賀県','A'),(91,'長沼 葵','ナガヌマ アオイ','Naganuma Aoi','女','0974-81-9151','080-3243-4295','879-5431','大分県','由布市','庄内町長野','2-8-18','庄内町長野庵311','1977-04-28','岩手県','B'),(92,'玉井 希望','タマイ ノゾミ','Tamai Nozomi','女','098-493-4855','080-1570-6229','904-0031','沖縄県','沖縄市','上地','1-14-2',NULL,'1981-12-13','埼玉県','O'),(93,'難波 瑞貴','ナンバ ミズキ','Namba Mizuki','女','023-359-7639','080-4199-1391','999-7545','山形県','鶴岡市','矢引','2-7-10','ザ矢引108','1989-09-12','長崎県','O'),(94,'片山 哲朗','カタヤマ テツロウ','Katayama Tetsurou','男','096-368-5959','080-8468-7821','861-4163','熊本県','熊本市南区','富合町志々水','2-10-19',NULL,'1986-05-23','大分県','AB'),(95,'北沢 栄作','キタザワ エイサク','Kitazawa Eisaku','男','055-222-4160','080-9007-9301','409-2402','山梨県','南巨摩郡身延町','下八木沢','4-12-18',NULL,'1979-05-28','山口県','A'),(96,'飯野 絵理','イイノ エリ','Iino Eri','女','0240-19-0891','080-8838-1959','969-3101','福島県','耶麻郡猪苗代町','沼ノ倉','4-12-2',NULL,'1970-12-27','沖縄県','A'),(97,'高橋 綾治','タカハシ リョウジ','Takahashi Ryouji','男','084-263-0915','080-2511-1684','739-2628','広島県','東広島市','黒瀬楢原東','2-15',NULL,'1993-03-18','長野県','A'),(98,'湊 喜三郎','ミナト キサブロウ','Minato Kisaburou','男','0778-31-4375','090-6292-8161','915-0256','福井県','越前市','赤坂町','1-13','赤坂町ランド311','1968-10-04','石川県','A'),(99,'清水 沙良','キヨミズ サラ','Kiyomizu Sara','女','053-916-8274','080-4691-4220','438-0086','静岡県','磐田市','清水町','2-14-5',NULL,'1955-05-28','兵庫県','O'),(100,'堀口 夏子','ホリグチ ナツコ','Horiguchi Natsuko','女','04-7872-4760','080-2132-3202','333-0817','埼玉県','川口市','戸塚南','2-12-19',NULL,'1964-01-29','埼玉県','B'),(101,'細谷 律樹','ホソヤ リツキ','Hosoya Ritsuki','男','073-183-8234','080-9397-7233','649-6104','和歌山県','紀の川市','桃山町脇谷','1-9','コンフォート桃山町脇谷306','1977-11-04','兵庫県','AB'),(102,'植村 泰憲','ウエムラ ヤスノリ','Uemura Yasunori','男','097-952-3523',NULL,'876-0806','大分県','佐伯市','春日町','4-4','ロイヤル春日町400','1961-05-20','栃木県','B'),(103,'村岡 輝夫','ムラオカ テルオ','Muraoka Teruo','男','097-833-8947','090-5937-2045','870-0021','大分県','大分市','府内町','3-13','パーク府内町106','1996-11-28','静岡県','B'),(104,'福島 鉄夫','フクシマ テツオ','Fukushima Tetsuo','男','099-841-9162','080-4484-8820','899-6404','鹿児島県','霧島市','溝辺町麓','3-10-1',NULL,'1982-01-14','兵庫県','O'),(105,'秋本 亜弓','アキモト アユミ','Akimoto Ayumi','女','0572-29-8857','080-8330-0495','507-0811','岐阜県','多治見市','星ケ台','4-16',NULL,'1988-02-29','秋田県','A'),(106,'大橋 春菜','オオハシ ハルナ','Oohashi Haruna','女','0829-61-1164','090-1346-7425','731-0233','広島県','広島市安佐北区','亀山西','2-12-16','ザ亀山西106','1965-11-05','滋賀県','B'),(107,'小畑 充照','オバタ ミツテル','Obata Mitsuteru','男','058-579-7004','080-8441-8376','509-4265','岐阜県','飛騨市','古川町畦畑','1-15',NULL,'1965-05-24','山口県','A'),(108,'吉野 心','ヨシノ ココロ','Yoshino Kokoro','女','0745-51-8842','090-3885-9821','634-0843','奈良県','橿原市','北妙法寺町','3-10',NULL,'1950-04-24','愛媛県','A'),(109,'中嶋 奈月','ナカジマ ナツキ','Nakajima Natsuki','女','0857-82-0593','090-4638-0130','680-0711','鳥取県','八頭郡若桜町','三倉','1-9-4',NULL,'1987-02-18','富山県','O'),(110,'北島 千裕','キタジマ チヒロ','Kitajima Chihiro','女','086-694-5348','090-9845-9995','708-1542','岡山県','久米郡美咲町','羽仁','3-7-17',NULL,'1971-04-13','長野県','A'),(111,'梶 幸吉','カジ コウキチ','Kaji Koukichi','男','083-619-7334','090-2421-8144','742-2921','山口県','大島郡周防大島町','西方','3-16','西方シティ104','1999-01-03','滋賀県','A'),(112,'中原 寅吉','ナカハラ トラキチ','Nakahara Torakichi','男','029-684-3419','080-5678-6208','313-0351','茨城県','常陸太田市','天下野町','1-3-6','グリーン天下野町311','1959-09-04','岩手県','O'),(113,'下山 由梨','シモヤマ ユリ','Shimoyama Yuri','女','0187-5-1914','080-4937-7638','018-3501','秋田県','大館市','岩瀬','2-7-17',NULL,'1990-04-17','富山県','A'),(114,'熊谷 信二','クマガヤ シンジ','Kumagaya Shinji','男','015-278-1722','080-7709-1248','003-0825','北海道','札幌市白石区','菊水元町五条','3-11',NULL,'1998-07-18','広島県','AB'),(115,'上野 美春','アガノ ミハル','Agano Miharu','女','0243-64-0688','080-4457-0405','961-0034','福島県','白河市','屋敷添','4-13-12','レジデンス屋敷添406','1981-03-12','山梨県','AB'),(116,'横井 杏','ヨコイ アン','Yokoi An','女','052-941-3365','080-6180-1499','447-0042','愛知県','碧南市','中後町','3-15-9',NULL,'1958-12-09','滋賀県','B'),(117,'尾上 友菜','オガミ ユウナ','Ogami Yuuna','女','096-131-3253','090-1396-7026','869-1502','熊本県','阿蘇郡南阿蘇村','白川','2-2-14',NULL,'1986-07-25','群馬県','A'),(118,'垣内 治志','カキウチ ハルシ','Kakiuchi Harushi','男','087-838-3271','080-2226-9443','769-2520','香川県','東かがわ市','馬篠','1-3-6',NULL,'1997-08-26','愛知県','O'),(119,'平松 洋文','ヒラマツ ヒロフミ','Hiramatsu Hirofumi','男','019-873-6975','080-1828-8081','025-0067','岩手県','花巻市','浅沢','3-11-7',NULL,'1964-08-03','和歌山県','O'),(120,'杉山 理紗','スギヤマ リサ','Sugiyama Risa','女','022-971-4735','080-1887-0043','983-0046','宮城県','仙台市宮城野区','西宮城野','1-11','西宮城野マンション104','1959-01-14','京都府','A'),(121,'川端 有里','カワバタ ユリ','Kawabata Yuri','女','052-672-0789','090-4261-8231','479-0867','愛知県','常滑市','北汐見坂','1-5-9',NULL,'1989-08-24','宮崎県','A'),(122,'村瀬 勇','ムラセ イサミ','Murase Isami','男','0738-22-0449','080-5575-7543','643-0813','和歌山県','有田郡有田川町','西丹生図','3-14-3','西丹生図ランド406','1988-04-09','大阪府','O'),(123,'市川 峰雄','イチカワ ミネオ','Ichikawa Mineo','男','078-630-5966','090-2407-5659','669-5141','兵庫県','朝来市','山東町三保','2-6-6',NULL,'1976-01-26','福岡県','A'),(124,'保坂 芳男','ホサカ ヨシオ','Hosaka Yoshio','男','028-390-4095','080-7932-4357','326-0834','栃木県','足利市','新宿町','1-1-9','新宿町ステーション307','1960-08-02','愛知県','A'),(125,'泉 菜摘','イズミ ナツミ','Izumi Natsumi','女','0983-65-6793','080-2561-9280','882-1201','宮崎県','西臼杵郡五ヶ瀬町','鞍岡','4-3-12',NULL,'1955-08-04','岐阜県','AB'),(126,'杉浦 怜子','スギウラ レイコ','Sugiura Reiko','女','0736-94-3204','080-3819-5087','649-6202','和歌山県','岩出市','根来','3-2-1',NULL,'1960-06-09','神奈川県','A'),(127,'浅沼 結香','アサヌマ ユイカ','Asanuma Yuika','女','0895-81-7797','090-6079-9984','798-0087','愛媛県','宇和島市','坂下津','4-13-13',NULL,'1958-04-11','熊本県','A'),(128,'北岡 優那','キタオカ ユウナ','Kitaoka Yuuna','女','0895-94-7040','090-1431-5934','798-0212','愛媛県','宇和島市','戸島','3-1-18','戸島スイート211','1964-09-30','茨城県','O'),(129,'小関 桃','オゼキ モモ','Ozeki Momo','女','092-574-0921','090-1788-9311','839-0224','福岡県','みやま市','高田町田尻','1-1',NULL,'1952-11-21','鹿児島県','B'),(130,'水上 雄大','ミズカミ ユダイ','Mizukami Yudai','男','059-199-2888','080-6550-1371','513-0825','三重県','鈴鹿市','住吉町','3-18-6',NULL,'1980-09-02','滋賀県','O'),(131,'小山 美沙','オヤマ ミサ','Oyama Misa','女','015-385-2186','090-5386-4183','001-0931','北海道','札幌市北区','新川西一条','3-1',NULL,'1968-02-04','栃木県','O'),(132,'中塚 辰夫','ナカツカ タツオ','Nakatsuka Tatsuo','男','079-298-2282','090-4446-9556','651-1354','兵庫県','神戸市北区','八多町上小名田','2-18',NULL,'1970-01-10','大分県','A'),(133,'岩田 智恵理','イワタ チエリ','Iwata Chieri','女','089-102-5392','090-6966-8354','799-2204','愛媛県','今治市','大西町大井浜','2-6',NULL,'1963-08-22','神奈川県','A'),(134,'宍戸 初音','シシド ハツネ','Shishido Hatsune','女','04-9500-9556','080-2199-0469','296-0021','千葉県','鴨川市','竹平','1-6-2',NULL,'1979-01-09','大阪府','O'),(135,'宮内 有沙','ミヤウチ アリサ','Miyauchi Arisa','女','04-3973-4016','090-7280-7785','270-1141','千葉県','我孫子市','栄','4-18','栄グリーン210','1952-06-30','山形県','B'),(136,'北 楓花','キタ フウカ','Kita Fuuka','女','0296-8-7105','090-6791-6672','308-0005','茨城県','筑西市','中舘','3-7-3','ヴィレッジ中舘211','1969-01-24','三重県','B'),(137,'片山 麻友','カタヤマ マユ','Katayama Mayu','女','0735-44-1505','080-8926-1542','649-3517','和歌山県','東牟婁郡串本町','吐生','1-16-1','吐生パーク109','1996-09-17','高知県','A'),(138,'河野 花鈴','カワノ カリン','Kawano Karin','女','052-010-5915','090-9161-5831','480-0201','愛知県','西春日井郡豊山町','青山','4-7-10',NULL,'1982-12-15','福井県','B'),(139,'城戸 由実','キド ユミ','Kido Yumi','女','073-872-8722','080-2165-0805','649-4213','和歌山県','東牟婁郡古座川町','西赤木','3-17',NULL,'1999-01-09','三重県','AB'),(140,'金森 直美','カナモリ ナオミ','Kanamori Naomi','女','08512-8-4932','090-2481-1263','699-5511','島根県','鹿足郡吉賀町','立戸','4-13',NULL,'1993-11-06','鳥取県','B'),(141,'西本 力','ニシモト チカラ','Nishimoto Chikara','男','0556-23-6772','090-1512-7591','409-3832','山梨県','中央市','馬籠','2-6-3',NULL,'1995-10-09','埼玉県','AB'),(142,'三井 雅江','ミツイ マサエ','Mitsui Masae','女','0889-2-9376','090-5909-6335','781-1151','高知県','土佐市','中島','3-4','中島ステーション407','1966-05-20','愛知県','A'),(143,'山形 浩俊','ヤマガタ ヒロトシ','Yamagata Hirotoshi','男','019-532-9067','090-5710-7516','024-0074','岩手県','北上市','滑田','3-11-6',NULL,'1964-05-28','埼玉県','A'),(144,'楠本 樹里','クスモト ジュリ','Kusumoto Juri','女','0875-6-8484','090-8709-3401','764-0012','香川県','仲多度郡多度津町','桜川','3-19-18',NULL,'1976-06-14','徳島県','B'),(145,'高松 康博','タカマツ ヤスヒロ','Takamatsu Yasuhiro','男','0745-85-6039','080-9717-2059','630-8305','奈良県','奈良市','東紀寺町','2-1-9',NULL,'1981-05-28','静岡県','A'),(146,'大沼 綾音','オオヌマ アヤネ','Oonuma Ayane','女','055-982-0751','080-9059-6471','405-0005','山梨県','山梨市','小原東','1-6-14',NULL,'1972-06-06','山口県','A'),(147,'日下部 俊子','クサカベ トシコ','Kusakabe Toshiko','女','0749-47-5438','090-8572-3189','526-0115','滋賀県','長浜市','大浜町','4-18-5',NULL,'1968-10-16','兵庫県','O'),(148,'桑原 健次郎','クハバラ ケンジロウ','Kuhabara Kenjirou','男','0894-96-9036','090-1747-7118','795-0006','愛媛県','大洲市','野佐来','3-7-12',NULL,'1965-12-21','秋田県','B'),(149,'今村 俊博','イマムラ トシヒロ','Imamura Toshihiro','男','0885-54-3030','090-9382-7788','771-1615','徳島県','阿波市','市場町大影','2-1-2','コンフォート市場町大影308','1958-02-27','秋田県','A'),(150,'河田 美央','カワダ ミオ','Kawada Mio','女','084-521-8888','080-5208-7327','729-3303','広島県','世羅郡世羅町','東上原','2-16-14',NULL,'1991-05-09','栃木県','A'),(151,'皆川 玲央','ミナガワ レオ','Minagawa Reo','男','058-493-8391','080-3722-1623','500-8414','岐阜県','岐阜市','加納東広江町','4-16-8',NULL,'1969-04-28','岩手県','A'),(152,'落合 栄伸','オチアイ ヨシノブ','Ochiai Yoshinobu','男','084-497-2478','090-4995-4621','731-3175','広島県','広島市安佐南区','伴西町','1-19-9','ザ伴西町309','1993-12-29','富山県','A'),(153,'遠山 泰雄','トオヤマ ヤスオ','Tooyama Yasuo','男','0955-72-1031','090-4657-0459','840-0851','佐賀県','佐賀市','天祐','1-9-11','リバーサイド天祐308','1964-07-31','新潟県','A'),(154,'平賀 綾香','ヒラガ アヤカ','Hiraga Ayaka','女','098-234-9814','090-3466-5149','901-0343','沖縄県','糸満市','南波平','1-15','南波平メゾン116','1951-08-06','三重県','O'),(155,'山本 真司','ヤマモト シンジ','Yamamoto Shinji','男','029-599-2465','090-8550-3236','300-4245','茨城県','つくば市','水守','4-14-6',NULL,'1984-05-14','山口県','O'),(156,'菅沼 佐知子','スガヌマ サチコ','Suganuma Sachiko','女','086-426-6743','080-8096-5496','715-0001','岡山県','井原市','野上町','2-16-18',NULL,'1957-06-08','福島県','B'),(157,'大前 武英','オオマエ タケヒデ','Oomae Takehide','男','082-743-1203','080-4960-0183','729-6715','広島県','世羅郡世羅町','下津田','2-13-17',NULL,'1990-05-11','鳥取県','A'),(158,'南部 芽依','ナンブ メイ','Nambu Mei','女','022-049-2716','080-1094-7982','989-5144','宮城県','栗原市','金成中町','1-4',NULL,'1966-09-14','福岡県','A'),(159,'田中 俊二','タナカ シュンジ','Tanaka Shunji','男','0735-02-4816','090-7609-5672','649-7142','和歌山県','伊都郡かつらぎ町','下天野','4-6-18',NULL,'1995-10-02','香川県','B'),(160,'大坪 早希','オオツボ サキ','Ootsubo Saki','女','0479-17-4220','080-8736-6587','311-1216','茨城県','ひたちなか市','湊泉町','4-16-7',NULL,'1956-04-22','広島県','O'),(161,'堀田 優空','ホッタ ユラ','Hotta Yura','女','089-60-6034','090-9915-4832','790-0034','愛媛県','松山市','藤原町','3-8','藤原町マンション102','1974-01-23','福島県','B'),(162,'益子 竜三','マスコ リュウゾウ','Masuko Ryuuzou','男','096-217-1495','080-9022-5245','866-0044','熊本県','八代市','中北町','3-3-7',NULL,'1976-03-13','兵庫県','B'),(163,'西野 和仁','ニシノ カズヒト','Nishino Kazuhito','男','0854-41-7667','080-9426-7142','699-3505','島根県','益田市','土田町','1-17-19',NULL,'1981-07-11','福井県','B'),(164,'栗本 幸仁','クリモト ユキヒト','Kurimoto Yukihito','男','0267-19-3564','090-9466-3189','399-2605','長野県','飯田市','下久堅小林','3-4','リバーサイド下久堅小林208','1961-10-30','福岡県','O'),(165,'市村 響子','イチムラ キョウコ','Ichimura Kyouko','女','077-750-5102','080-4019-9852','624-0952','京都府','舞鶴市','三日市','3-7',NULL,'1974-05-26','静岡県','A'),(166,'大下 利佳','オオシタ リカ','Ooshita Rika','女','0198-4-7970','090-6897-4771','021-0873','岩手県','一関市','台町','1-18-7','台町コンフォート207','1955-03-24','長崎県','A'),(167,'西村 心','ニシムラ ココロ','Nishimura Kokoro','女','017-935-7551','090-1985-1873','036-0171','青森県','平川市','小国山下','4-10-16',NULL,'1971-10-03','愛媛県','O'),(168,'南田 美奈','ミナミダ ミナ','Minamida Mina','女','047-199-7508','080-4046-1635','273-0011','千葉県','船橋市','湊町','1-16-7','湊町ハウス314','1985-10-31','石川県','O'),(169,'野沢 和枝','ノザワ カズエ','Nozawa Kazue','女','018-096-8351','090-8843-3748','010-1601','秋田県','秋田市','向浜','3-4-20',NULL,'1977-01-14','群馬県','B'),(170,'神谷 圭子','カミヤ ケイコ','Kamiya Keiko','女','076-055-6796','080-7040-1154','931-8315','富山県','富山市','高園町','3-4-4',NULL,'1974-01-30','香川県','A'),(171,'太田 仁志','オオタ ヒトシ','Oota Hitoshi','男','017-115-4517','080-6104-7098','036-1452','青森県','弘前市','中畑','2-18-14',NULL,'1987-09-21','熊本県','O'),(172,'冨田 桜','トミタ サクラ','Tomita Sakura','女','0846-76-9788','090-7214-3966','720-0809','広島県','福山市','住吉町','2-2',NULL,'1966-08-29','愛媛県','B'),(173,'飯塚 功','イイヅカ イサオ','Iizuka Isao','男','0952-35-0550','080-7387-4697','846-0003','佐賀県','多久市','北多久町多久原','2-17-3',NULL,'1967-09-02','千葉県','A'),(174,'高坂 勇吉','コウサカ ユウキチ','Kousaka Yuukichi','男','089-84-4991','080-4515-3585','796-0201','愛媛県','八幡浜市','保内町川之石','4-18','保内町川之石マンション205','1980-02-28','鹿児島県','B'),(175,'首藤 美怜','シュドウ ミレイ','Shudou Mirei','女','0194-46-2802','080-1892-6230','028-6411','岩手県','九戸郡軽米町','小軽米','3-10-13','小軽米テラス205','1969-05-11','宮崎県','A'),(176,'堤 良彦','ツツミ ヨシヒコ','Tsutsumi Yoshihiko','男','0952-48-0243','090-7281-2565','849-5252','佐賀県','伊万里市','大川町川西','1-19-13','大川町川西パレス414','1984-12-04','山梨県','O'),(177,'草野 長平','クサノ チョウヘイ','Kusano Chouhei','男','0845-66-7942','080-3933-0914','722-2101','広島県','尾道市','因島大浜町','4-14',NULL,'1984-07-24','徳島県','A'),(178,'松永 秀夫','マツナガ ヒデオ','Matsunaga Hideo','男','0855-06-5634',NULL,'697-0212','島根県','浜田市','金城町長田','3-14','金城町長田ランド201','1951-03-08','福井県','A'),(179,'赤松 滉河','アカマツ コウガ','Akamatsu Kouga','男','0587-85-6192','090-7807-2898','486-0964','愛知県','春日井市','宗法町','4-5','フォレスト宗法町412','1996-04-09','宮崎県','A'),(180,'芦田 正明','アシダ マサアキ','Ashida Masaaki','男','0969-8-7077','090-3625-8304','861-0425','熊本県','山鹿市','菊鹿町米原','2-7-16','コンフォート菊鹿町米原114','1950-10-14','北海道','A'),(181,'黒崎 徳太郎','クロザキ トクタロウ','Kurozaki Tokutarou','男','04-7236-6270','080-7273-6513','294-0814','千葉県','南房総市','川田','2-5-7','川田ロイヤルパレス206','1963-06-20','富山県','A'),(182,'平沢 啓子','ヒラサワ ケイコ','Hirasawa Keiko','女','0763-32-8244','090-6191-4612','939-0323','富山県','射水市','平野','3-17-13',NULL,'1968-10-12','大分県','A'),(183,'上岡 美紀','カミオカ ミキ','Kamioka Miki','女','0234-70-0454','090-2085-8979','995-0021','山形県','村山市','楯岡楯','4-7-8',NULL,'1978-02-05','和歌山県','A'),(184,'安斎 彩葉','アンザイ イロハ','Anzai Iroha','女','011-982-5838','080-7738-6279','069-1302','北海道','夕張郡長沼町','２区','4-20-15','テラス２区412','1984-11-01','愛知県','O'),(185,'松川 佳那子','マツカワ カナコ','Matsukawa Kanako','女','076-618-8821','080-2209-8335','939-1844','富山県','南砺市','野口','1-12',NULL,'1964-12-20','富山県','O'),(186,'若山 盛雄','ワカヤマ モリオ','Wakayama Morio','男','0742-17-9495','090-8110-6852','634-0125','奈良県','高市郡明日香村','入谷','1-8-17',NULL,'1971-10-10','埼玉県','O'),(187,'塩崎 琴','シオザキ コト','Shiozaki Koto','女','0972-85-9244','080-9785-6174','871-0071','大分県','中津市','鷹部屋','1-17-18','鷹部屋プレイス305','1962-07-08','和歌山県','A'),(188,'窪田 雅康','クボタ マサヤス','Kubota Masayasu','男','0950-53-3657','090-9434-3846','854-1102','長崎県','諫早市','飯盛町山口','1-16',NULL,'1950-05-05','埼玉県','B'),(189,'比嘉 悠月','ヒガ ユヅキ','Higa Yuzuki','女','093-603-1614','080-6314-9706','839-1202','福岡県','久留米市','田主丸町鷹取','3-19-4','田主丸町鷹取ガーデン319','1996-11-27','鳥取県','AB'),(190,'米山 清隆','コメヤマ キヨタカ','Komeyama Kiyotaka','男','0968-45-4493','080-2199-9530','861-0401','熊本県','山鹿市','菊鹿町長','4-5-20','タウン菊鹿町長211','1989-04-11','広島県','AB'),(191,'赤坂 祐昭','アカサカ ヒロアキ','Akasaka Hiroaki','男','0742-8-3379','080-7218-3238','637-0025','奈良県','五條市','車谷町','1-6','車谷町シティ318','1981-06-30','秋田県','B'),(192,'西村 弘美','ニシムラ ヒロミ','Nishimura Hiromi','女','0740-0-1071','080-7513-7043','527-0133','滋賀県','東近江市','中一色町','4-19','中一色町プラザ303','1983-01-21','兵庫県','AB'),(193,'沖 春奈','オキ ハルナ','Oki Haruna','女','079-60-5053','090-8068-7605','658-0023','兵庫県','神戸市東灘区','深江浜町','3-9-3',NULL,'1997-06-13','奈良県','O'),(194,'迫田 和子','サコタ カズコ','Sakota Kazuko','女','017-094-9113','080-7314-5664','038-3671','青森県','北津軽郡板柳町','掛落林','4-3-5','掛落林グリーン106','1974-04-29','岩手県','A'),(195,'福沢 幸吉','フクザワ コウキチ','Fukuzawa Koukichi','男','04-9964-2977','080-6458-5569','273-0112','千葉県','鎌ケ谷市','東中沢','3-8-5',NULL,'1954-08-11','北海道','O'),(196,'高尾 将文','タカオ マサフミ','Takao Masafumi','男','089-11-4995','090-4416-4627','792-0045','愛媛県','新居浜市','中萩町','4-19-16',NULL,'1995-12-23','島根県','O'),(197,'藤井 貞雄','フジイ サダオ','Fujii Sadao','男','0563-15-9703','090-3255-7562','483-8344','愛知県','江南市','後飛保町東高瀬','4-1-19',NULL,'1958-10-06','宮崎県','AB'),(198,'米山 亜子','コメヤマ アコ','Komeyama Ako','女','027-44-7709','090-9486-4583','379-1202','群馬県','利根郡昭和村','貝野瀬','4-19','貝野瀬アパート113','1974-03-10','兵庫県','O'),(199,'柴山 睦夫','シバヤマ ムツオ','Shibayama Mutsuo','男','087-971-2345','090-8195-4860','769-1615','香川県','観音寺市','大野原町丸井','3-14',NULL,'1998-03-13','愛知県','AB'),(200,'大河原 和裕','オオガワラ カズヒロ','Oogawara Kazuhiro','男','0742-48-4391','080-3222-7064','630-8432','奈良県','奈良市','田中町','1-1-12','プレイス田中町306','1962-03-02','徳島県','A');
/*!40000 ALTER TABLE `pi200` ENABLE KEYS */;
UNLOCK TABLES;
/*!40103 SET TIME_ZONE=@OLD_TIME_ZONE */;

/*!40101 SET SQL_MODE=@OLD_SQL_MODE */;
/*!40014 SET FOREIGN_KEY_CHECKS=@OLD_FOREIGN_KEY_CHECKS */;
/*!40014 SET UNIQUE_CHECKS=@OLD_UNIQUE_CHECKS */;
/*!40101 SET CHARACTER_SET_CLIENT=@OLD_CHARACTER_SET_CLIENT */;
/*!40101 SET CHARACTER_SET_RESULTS=@OLD_CHARACTER_SET_RESULTS */;
/*!40101 SET COLLATION_CONNECTION=@OLD_COLLATION_CONNECTION */;
/*!40111 SET SQL_NOTES=@OLD_SQL_NOTES */;

-- Dump completed on 2019-10-10 17:18:11
